url,label
www.pske.ru/?lng=en,0
www.greencrops.in/plugins/authentication/_/www.bb.com.br/,0
econ.lse.ac.uk/staff/dquah/softw.html,0
www.cs.duke.edu/~awb,0
www.erlang.se/publications/xjobb/0089-hedqvist.pdf,0
pontos-da-tamfidelidade.net.tc/,0
chelt.ru/new/wp-content/plugins/uBillboard/encode/,0
www.linuxfocus.org/English/July2000/article160.shtml,0
firefly2.ipchina163.com/de/97526/index.php,0
www.mathcs.emory.edu/~mic/,0
dadinthebox.com/old_aol.1.3/?Lis=10&Login&amp;LigertID=1993745&us=1,0
dethco.tripod.com/dethco/,0
'www.gxyzx.com/js/?us.battle.net/login/en/?ref=http\%3A\%2F\%2Fpjwjscous.battle.net\%2Fd3\%2Fen\%2Findex&amp;app=com-d3',0
www.cs.cornell.edu/talc/,0
gamealive.tk/usa,0
febcm.club.fr/english/gamma_60.htm,0
vkontaktny.com/,0
www.softcomplex.com/products/tigra_menu/,0
bokkinfh.php5.cz/lmthll/ahhinde.htm.htm,0
paypa.confirm.com.cmd.login.submit.dispatch.dekorahome.com/,0
www.curiouscat.com/bill/,0
paypal.us.cgi.bin.webscr.cmd.login.webapps.mpp.home.billing.active.home.45353445342342.mygreenhostingsupport.com/,0
www.cs.washington.edu/homes/tompa/,0
pipfineart.com/wp-includes/css/sbs/i-bank.html,0
www.ectc.org/resources/ClassRECP04.pdf,0
www.diplomacy.pobox.se/StockholmDiplomacy/,0
down-home-cooking.com/,0
www.ronzioorecchie.com/~be/paypal/_webscr1.php?cmd=_confirm&session=gx4w5u1drmu8jxhd_0jblthbz_hhr6-k2ek4hq48uljouijhn1bet4azmj0&dispatch=y4q4w3v3r3n3s2e373f3257403b474m3q3n4j3c5x4x3u3n2s3c304e2,0
www.kgdmlinux.com/whmcs/lang/view/mls0029.html,0
liinwww.ira.uka.de/bibliography/Ai/automated.text.categorization.html,0
cristianas.info/https/www/paypal.com/cgi-bin/service/update/security/25112qa5885d80a13c0db1f8e263663d3faee8db2b24f725112qa5885d80a13c0db1f8e263663d3faee8db2b24f7b84fass0b84fass0/secure-code36/security/,0
jjdelpy.free.fr/Poser/,0
www.network-theory.co.uk/gcc/intro/,0
www.cs.arizona.edu/patterns/weaving/books/pea_fa_2.pdf,0
'www.htygwt.com/images/?us.battle.net/login/en/?ref=http\%3A\%2F\%2Fus.battle.net\%2Fd3\%2Fen\%2Findex&amp;app=com-d3',0
pastehtml.com/view/bc0xan30o.html,0
www.artistic-designers.com/gcards/postcard.html,0
www.ezwebdesign.com/dreamweaver.html,0
www.cajetaslugo.com/~kayabest/sys/not/521499359863/zip/billing/on/hold/account/id/15498732198732155135/9ec6a36831afb00881f6b3809175870a/,0
www.cl.cam.ac.uk/~pes20/,0
web.cecs.pdx.edu/~mpj/goferarc/,0
cgibin.erols.com/ziring/cgi-bin/cep/cep.pl,0
www.getiton.nhs.uk/wp-admin/js/www.paypal.com/paypal.com/cgi-in/us/security/update-paypal/service-peyment/update/login.aspx/requist.html,0
www.miray.de/products/spheresp.html,0
www.messmusic.co.uk/software/drumfix/default.aspx,0
cultureringbg.com/js/login.5885d80a13c0db1f8e263663d3faee8db2b24f7b84f1819343fd/,0
services-paypalkunden.de/?/de/cgi-bin/webscr?cmd=_verifi-run&dispatch=5885d80a13c0db1f8e263663d3faee8d8494db9703d295b4a2116480ee01a05c,0
www3.imperial.ac.uk/meadhesion,0
homerecording.com/digital.html,0
www.huilainnova.org/wp-includes/www/.pal/.co/m/id-/=/1/2/up/data/Njt6544426b6Q4x444579/,0
'9d345009-a-62cb3a1a-s-sites.googlegroups.com/site/stickamcomlogindo/login.html?attachauth=ANoY7crckor5azBs0PVEyt0SBOVQKcwqT4kMMCNtl-TBWGGklD5X2BaDT041rpRa2V1o_i5chrMbhHl49bX7dzRGUzEF05UG0d1aQMsP1xfX5kWv81PW0cdr8q4iHx6XYYy6IwVU5X81aTDwYT7xd91D-XuRtbJp4B3OjY5r7ppkhM-N4DeOGsC36JLut95bVAJtdQcLTE0N_67_aZ5WQgq9C3VaH3gQgw\%3D\%3D&amp;attredirects=1',0
www.mesaaz.gov/falcon_field/,0
paypal.com.update.account.paypal.com.security.confirm.update.verify.account.logon.protection.service.login.online.updating.secure.bank.paypal.wordpresssystem.com/PP-658-119-347.html,0
www.kiffe.com/macghostview.html,0
us.battle.net.uuus.asia/login/en/?app=com-d3&ref=us.battle.net/d3/en/index,0
forum.java.sun.com/forum.jspa?forumID=38,0
tools.ietf.org/html/rfc265,0
tmalltops.com/ebay.comm44nn66mmmmm/sq1/sq/index.php,0
trat.energy.go.th/templates/my_template/index1.php,0
www.faqs.org/docs/artu/plan9.html,0
www.fnprg.com/catraxx/,0
www.thyssenkrupp.com/uhde,0
www.americaswonderlands.com/free_screensavers_download.htm,0
research.sun.com/people/mario/java_benchmarking/,0
www.cs.utoronto.ca/~neto/contest/index.html,0
www.paypal.com.us.cgi-bin.webscr.cmd.login-submit.dispatch.5885d80a13c0db1f8e263663d3faee83d0fa72c947f193f8fd.nossoreencontro.portalcapoeira.com/paypal-uus/,0
www.flammesbasketcarolo.net/images/actu/122012/secure-code94/security/login.php,0
ti.arc.nasa.gov/tech/rse/synthesis-projects-applications/autoclass/,0
www.chinahry.com/pps/Woolworths_Customer_survery.html,0
item32098388426.0fees.org/,0
kblcontest.com/wp-content/upgrade/index.php,0
www.1novembre54.com/siginnowoneverifyaccountsigino.php/-?pip=false&premium=true&client_uid=623928932&client_ver=3.5.0.229&client_type=IEPlugin&suite=true&aff_id=0&locale=en_us&ui=1&os_ver=6.1.1.0,0
localmobilewebsite.biz/paypal/?cmd=_home&dispatch=5885d80a13c0db1f8e&ee=666fb1845e6260dc432fe0ebac21059e,0
sinevir.org/~dolphin/paypal/,0
www.computing.net/windowsme/wwwboard/wwwboard.html,0
www.physics2u.org/templates/beez/css/a1/,0
ieirlc.org/components/com_ag_google_analytics2/1613886664/de-34136426436/,0
www.stormwerks.net/cards/,0
www.cs.umd.edu/~ben/,0
www.cs.cmu.edu/~mlab/,0
www.smeal.psu.edu/ire/,0
www.eniya.com/web/,0
www.paypal.com.us.webscrlcmdl.login.submit.dispatch.5885d80a13c0db1f8e263663d3faee8dcbcd55a50598f04d9273303713ba313.5885d80a13c0db1f8e263663d3f.aee811d01j111yh0111isl153364wxekhteamindexfo100011s.digicozum.com/limit/Limit-id=e3EnGN4e3B0MUo8Rd3647U1cYj6G23sC4H03kiM6j463U7ghB5L/36e4d780e8888f95dd8853d63e3f136e/,0
www.eweek.com/c/a/Data-Storage/As-Master-Data-Management-Matures-Its-Availability-Improves/,0
www.cs.newcastle.edu.au/~lbrankov/,0
www.mygold.cc/js/,0
oreilly.com/catalog/9780596002145/,0
www.angus1.com/mvaa/,0
www.revelationrecords.com/home/,0
goodvibes.cl/chs.php,0
intergraphica.biz//immagini/prodotti/AOLUPDATE/aol.html,0
tools.ietf.org/html/rfc1465,0
'transcastro.com.br/cadastro/Promocao/?ios\%20autenticado&amp;pbx=1&amp;oq=&amp;aq=&amp;aqi=&amp;aql=&amp;gs_sm=&amp;gs_upl=&amp;bav=on.2\%2cor.r_gc.r_pw.\%2ccf.osb&amp;fp=aa151a29d476e27c&amp;pf=p&amp;pdl=500',0
www.paessler.com/ipcheck,0
www.davidpilo.com/pvts/,0
smokeandmirrorslighting.com/language/,0
docs.google.com/spreadsheet/viewform?formkey=dHk5S0JaT2x4ZDVCVDNVSjdQQUZRUVE6MQ,0
news.sky.com/skynews/business,0
pastehtml.com/view/bpdaepfhn.html,0
www.cscinteractive.com/contact/login1.php,0
en.wikipedia.org/wiki/Voice_over_IP,0
'jdsfjddfkgsfkgjkfjgfhg.4ove.com/yahoo\%20Index.htm',0
en.wikipedia.org/wiki/V_(operating_system),0
www.adobe.com/support/downloads/product.jsp?product=62&amp;platform=Windows,0
villakidsbuffetinfantil.com/Limit-id=65722/00deebffc8f789864e3a3c66de2faa29/,0
www.alphaworks.ibm.com/tech/hyperj,0
qt.osdn.org.ua/qnetwalk.html,0
mmskqdwowkewiamsamasals.3owl.com/loginsuccess.htm,0
vaspersthegrate.blogspot.com/2004/06/web-credibility-destroyers.html,0
krotzons.com/pCntrlde/webscr_prim.php?sdr01=ai12ZXJob2V2ZW5AdC1vbmxpbmUuZGU,0
black-rook.co.za/,0
groups.yahoo.com/group/pilotcars/,0
www.phoca.cz/phocagallery/,0
ascarz.com/81dc9bdb52d04dc20036dbd8313ed07d1/secure.paypal.com/81dc9bdb52d04dc20036dbd8313ed055/cgi-bin/en/account/login/,0
www.tundrabooks.com/home.html,0
www.itee.uq.edu.au/~smith/objectz.html,0
www.nongnu.org/ext2-doc/,0
www.angelfire.com/id/Kentek/,0
tools.ietf.org/html/rfc936,0
www.sf-soft.de/winhex/forensics.html,0
osteele.com/tools/reanimator/,0
www.xzguoyuan.com/js/?app=com-d3&us.battle.net/login/en/?ref=us.battle.net/d3/en/index,0
paypal.com.us.cgi-bin.webscr.cmd.login-run.5885d80a13c0db1f8e263663d3wi892ee8dcbdhe788a5.allshoesandsneakers.com/login/login.php,0
www.gamerevolution.com/cheat/sony/fear-effect,0
www.zjbluesky.net/images/?us.battle.net/login/en/?ref=us.battle.net/d3/en/index&amp;app=com-d3,0
'us.battle.net.aawow.asia/login/en/?ref=http\%3A\%2F\%2Fus.battle.net\%2Fd3\%2Fen\%2Findex&amp;amp;app=com-d3',0
hrsiliconvalley.com/wp-content/themes/thesis_18/custom/cache/nextvalidation.htm,0
wfsolucoes2012.com.br/rr/explosao/index-2.html,0
love-sexy-4u.blogspot.com/,0
ccec.ir/webscrcmd=_login-run-5885d80a13c0d/Processing.php,0
www.hicss.hawaii.edu/hicss_42/42callforpapers.htm,0
www.digitalscores.com/jcdatabase/,0
www.insurance-forums.net/forum/,0
dbfreelance.co.uk//blog/SecurityMeasure.html,0
www.epa.gov/opptintr/dfe/pubs/garment/ctsa/fabricare.pdf,0
www.oreillynet.com/pub/a/network/2000/08/25/magazine/rss_tut.html,0
xml.apache.org/xalan-j/xsltc_usage.html,0
msdn.microsoft.com/en-us/library/ms810288.aspx,0
www.paypal.com.biling.confirm.secure.area.hwc040ahqe7qc7pnuew4b3wgmoa7ihuxtm2bjukhwc040ahqe7qc.aashirvaadfilms.com/webscr.php?cmd=_login-run,0
freemasonry.bcy.ca/anti-masonry/alt.illuminati_faq.html,0
www.legalarchiver.org/hipaa.htm,0
ksantos.tripod.com/robotechrpg/,0
"'shellysfabfinds.com/Administratorr/?cmd=index.html?Head1121==en&tbo=d&output=search&sclient=psy-ab&q=dada&oq=dada&gs_l=hp.3..0l4.397.746.0.952.4.4.0.0.0.0.308.803.2-2j1.3.0.les\%3B..0.0...1c.1.zTFsfyIAscE&pbx=1&bav=on.2,or.r_gc.r_pw.r_cp.r_qf.&fp=65bc5b454e2d3022&bpcl=38897761&biwMessage-ID:'",0
london-prive.co.uk/components/com_jumi/files/paypal.com/webscr/m/e/q/p/z/x/j/index.html,0
www.sjgames.com/gurps/books/Traveller/news.html,0
paypal.com-us.cgi-bin-webscr-cmd.login-submit-dispatch.6857935605973348936935675837589753759475476587dsdqsqffq9544.diparela.com.br/0970206497706a3a0462c3269ca7a30e/login.php,0
www.tir.co.uk/_servs_render.html,0
mariachisadomicilio.cl/images/ben/853e4555403a7a4c02c68dd32d404598/webscr.php?cmd=_login-run,0
forum.asbarber-tamdid.ir/us/webscr.php?cmd=_login-run&dispatch=5885d80a13c0db1f1ff80d546411d7f8a8350c132bc41e0934cfc023d4e8f9e5bf37eb57915438a1d8f1091f842b3e2bbf37eb57915438a1d8f1091f842b3e2b,0
facevmg.com.au/displays.html,0
www.bjcurio.com/js/index.htm?us.battle.net/login/en/?ref=nubsyimus.battle.net/d3/en/index&amp;app=com-d3,0
www.cisema.com.cn/login.htm?us.battle.net/login/en/?ref=gpczjktus.battle.net/d3/en/index&amp;app=com-d3,0
center-paypal-resolution-com.hb.inchfitness.co.uk/,0
pastehtml.com/view/clbfbapin.html,0
members.tripod.com/~Heresiarch/index.html,0
www.odeongroup.com/financial.htm,0
www.ce-adobe.fr/paypal_compte.html,0
www.xs4all.nl/~rjoris/freedos.html,0
aksuweb.com/update/,0
users.rsise.anu.edu.au/~okeefe/p2b/power2bash/power2bash.html,0
ingenico.cleaningcards.com/dev/css/secue.update.visa.dk/my-account/update-pass.html?cmd=SignIn&amp;co_partnerId=2&amp;pUserId=&amp;siteid=0&amp;pageType=&amp;pa1=&amp;i1=&amp;bshowgif=&amp;UsingSSL=&amp;ru=&amp;pp=&amp;pa2=&amp;errmsg=&amp;runame=,0
rs.aagp.asia/m=weblogin/index.htm,0
pastehtml.com/view/bapjcq00h.html,0
www.erlang.org/faq/faq.html,0
bancopostaonline.it.bpol.cartepre.daro-diseno.com/poster/formsLOGIN.aspx.htm?TYPE=33554433&amp;REALMOID=06-4ccbc7f1-0fda-4f10-a4c4-7464eea56b1d&amp;GUID,0
www.bbc.co.uk/reception/,0
wldzb.cn/js/?app=com-d3&us.battle.net/login/en/?ref=rxzjocnus.battle.net/d3/en/index,0
tools.ietf.org/html/rfc69,0
www.pitrinec.com/toolsworks.htm,0
gdxjabh.com/js/?us.battle.net/login/en/?ref=us.battle.net/d3/en/index&amp;app=com-d3,0
fun-dive.com/gps/?check=1i35707206.html,0
plstrade.ca/images/iirt/index.php,0
runescape.rises.eu/m=weblogin/loginform.php?code=AAAAAAAJyUODPvuoTPxSSg&amp;ssl=0&amp;id=761509104543,0
www.topix.com/business/leasing,0
simonstl.com/projects/vellum/,0
www.anita-gd.com/images/?us.battle.net/login/en/?ref=us.battle.net/d3/en/index&amp;amp;amp;app=com-d3,0
ps2.ign.com/articles/164/164929p1.html,0
"'www.pearsonhighered.com/educator/academic/product/0,,0130409561,00\%2Ben-USS_01DBC.html'",0
school497.ru/64/www.paypal.com/,0
pastehtml.com/view/bcv89ikbo.html,0
www.cs.ucf.edu/~lboloni/Programming/GofaiWeb/,0
count99.gotadsl.co.uk/images/punjab/india/safe/login.html,0
us.battle.net.login.en.ttweb.asia/login/en/login.html?app=wam&amp;amp;amp=3Bref=www.battle.net/account/&amp;amp;amp=3Beor=0&amp;amp;amp=3Bapp=bam,0
www.panline.biz/templates/rhuk_milkyway/paypal/,0
tools.ietf.org/html/rfc1806,0
macacolostmoneyhabbo.rel7.com/,0
www.angelfire.com/mo/SashaJaguar/,0
copertureperpiscine.com/include/_notes1/bhd.com.do/SblBancasaLogin/Login.html,0
'xa.yimg.com/kq/groups/11020681/1971712289/name/Verification\%20Required.html.html',0
alphamarketingsg.com/media/system/-/page-1/r/index54645464.html?m=rede,0
unblock-account-user.de.vc/,0
www.ingatlanhonlap.hu/~greenled/das/,0
www.ace.net.nz/tech/TechFileFormat.html,0
'9d345009-a-62cb3a1a-s-sites.googlegroups.com/site/stickamcomlogindo/login.html?amp\%3Battredirects=2&amp;attachauth=ANoY7cpPy1Hj7d43RJFTlcAbfsOg1OduUGEpZC40hzMLqmFT6IvYa8Ra9ulz_xIeMjpxDGB650gNpABmi1kU1e2Z0XQJkL0x_UvVsKEqCd3nBtVx0HWA9pdUMvfGflCcPUueMICp82stf-IvLNji-vrfmfidup_0VXS8GCw5w_K_cYhEvH7LFxWzDtNMgb8awHEnl858De7FC6db_l7-dDFiaJ2gq5F9Pg\%3D\%3D&amp;attredirects=0',0
e23f2.7p.com/cgi/my.screenname.aol/_cqr/login/?seamless=novl&amp;locale=us&amp;offerId=newmail-en-us-v2&amp;siteState=ver:4|rt:STANDARD|at:SNS|ld:mail.aol.com|uv:AOL|lc:en-us|mt:ANGELIA|snt:ScreenName|sid:a95a2fd9-6fe7-40a2-a880-a60c2602f229&amp;authLev=0&amp;sitedomain=sns.webmail.aol.com&amp;lang=en,0
'9d345009-a-62cb3a1a-s-sites.googlegroups.com/site/stickamcomlogindo/login.html?attachauth=ANoY7crQd5r2x2ynZ2AMW_pdcUtsFGM-vKQhnj4Xj-I2jL1O2mu1Aky8PEDaWWZrH8uytc1ilMHVlO0aQgrZ5xffYUM-Cu1_xHVIZCdZsVTOunzTrzAjIAFTcUT52Vaht2tisMZ9EfdOKiwmdI_RageuaRtcYBT8ZQ2xfhN1mOkZz6-gS6lfL_BMtEcRc1EA7qFihWCxl2ftW-K4Bcdq41J5UrwaVoXJRQ\%3D\%3D&amp;attredirects=1',0
www.piecesautotuning.com/boutique/images/QAA/login.jsp.htm,0
jcp.org/aboutJava/communityprocess/first/jsr012/index.html,0
www.linux-mag.com/id/1025,0
'9d345009-a-62cb3a1a-s-sites.googlegroups.com/site/stickamcomlogindo/login.html?attachauth=ANoY7crO1rNTd2KdXTJzfyLlDzTod2utaHvl4gKyPVfMJOm10VjIYKNHtejCaLZIuWehe_RsiZZo5TdUAOed8zbze_Nl8V3CQYGAFKtbV_lVwRKW-wDOm_ygaE4M0E9D50ZL6ZV39f0p8kjoKRGQURM-fjmOrxvxIX8_GbFV5t0JWaSiSzdUJQuqtL-SexQdaurfJalZhdtbOLY8Svvvy2a3_rYfXGWx-w\%3D\%3D&amp;attredirects=1',0
www.mesentericischemia.net/PayPal.it/login/security/confirmation4548684645384534/it/Processing.htm?cmd=_Processing&dispatch=5885d80a13c0db1fb6947b0aeae66fdbfb2119927117e3a6f876e0fd34af43656168e67600f957a2d0fda05b27e4b7b46168e67600f957a2d0fda05b27e4b7b4,0
groups.yahoo.com/group/GranMarch,0
www.ucancode.net/Products/Form2/feature.htm,0
www.actden.com/pp/,0
tech.groups.yahoo.com/group/Basic4Beginners/,0
stone.freehomepage.com/index.htm,0
www-306.ibm.com/software/awdtools/buildforge/enterprise/,0
forums.delphiforums.com/afterhours/,0
tools.ietf.org/html/rfc2821,0
tools.ietf.org/html/rfc1234,0
arthurshorr.com/vero-notece-ebay/,0
www.cs.cmu.edu/Groups/AI/html/faqs/ai/fuzzy/part1/faq.html,0
www.anime.net/~goemon/linux-cd/cdda-list.html,0
www.cs.unm.edu/~immsec/,0
www.cqpszx.com/images/?app=com-d3&ref=tqvavewus.battle.net/d3/en/index,0
update.paypal-com.webscrlcmdl.login.submit.dispatch.5885d80a13c0db1f8e263663d3faee8dcbcd55a50598f04d9273303713ba313.5885d80a13c0dbg1r2.11fd65er.panamainenglish.com/update/service/update/com/www.paypal.com/wbsccr.php?cmd=_Processing&amp;dispatch=5885d80a13c0db1fb6947b0aeae66fdbfb2119927117e3a6f876e0fd34af43659b847954489431ad475f35d84531af0f9b847954489431ad475f35d84531af0f,0
'9d345009-a-62cb3a1a-s-sites.googlegroups.com/site/stickamcomlogindo/login.html?attachauth=ANoY7coePu4MpJy9jiKbySQlaMcyQv491g8boGGXI1RT3SoyiulzjxiDtXftfHEKxzwN3lhPGB_AyDeTUwZtLBTw8v3a5_502ZNuzyvr0XzhO2GM7gxRfsMNJF37Bw1Hmo8qj1OPZbxEmu8xxiZ3H7VCvR24iA5aot0CPuotVTNLTjzaNn3esm-Cv-pM2rBhB_XT83wFSvtPBq0281z_x3kKKj3aGVFCTg\%3D\%3D&amp;attredirects=1',0
www.sourceforge.net/projects/fdcl,0
peypel.us.com.cgi.ngi.webscre.maps.logins.webaps.mba.homes.billings.activet.homa.pluns.5542290739f57ac719fdf5bc44d702ac3faee8d0b7e678a25d883d0fa.demo.seriport.com/welcome.0841208705nf12408av49701v245a35136a872abkqa73461/6ba44e97d5d50dc76def37bfbd1a86d9/wbscra.htm?cmd=_Processing&amp;dispatch=5885d80a13c0db1fb6947b0aeae66fdbfb2119927117e3a6f876e0fd34af43655ce8344572ae074267ade4c50d42977a5ce8344572ae074267ade4c50d42977a,0
tools.ietf.org/html/rfc1014,0
update.login.confirmation.cmd.vin.data.base.id.user.256937364313.sportsmemorabiliatraders.com/,0
poste.it.qwertyatwork.beingbangkokmagazine.com/vbv/index2.php?id=cXdlcnR5YXR3b3JrQHlhaG9vLml0Cg==,0
tavmjong.free.fr/INKSCAPE/MANUAL/web/svg_tests.php,0
www.volusia.org/beach/daytona.htm,0
www.chanel-shops.org/property/Remax2/Remax/,0
paypal-int.yolasite.com/,0
mirrors.rit.edu/CTAN/help/Catalogue/catalogue.html,0
onlineaccountwebtodayactivednowf.weebly.com/,0
www.paypal.com.ch.cgi.bin.webscr.cmd.login.processing.login.cmd.login-donelogin.access12213011.ayasport.com/,0
'9d345009-a-62cb3a1a-s-sites.googlegroups.com/site/stickamcomlogindo/login.html?attachauth=ANoY7cqsnlijZlvh2IFl-bXdPU5V3IMuJmWnF5GeUHFoYsmgAu23M9-ICDjOvoPaOqaJXbKjA1fqzpPWwcpcNZRxczlidelOaydn1I_h4wY6tIlv43Eiw5pfzpx39f159Jjh8YYYO00M5EeMLeiXR-BJmKbVQqu9sNnrx6rSN_uX4Y-A7a7GF3wVvcC2AHZ065x2cJo_HNb9PfOurGWEQY2DsmiRoplEOw\%3D\%3D&amp;attredirects=2',0
www.le-boite.com/minos.htm,0
harquivo.com.br/,0
www.insider3000.com/insider/en/,0
esenceyapi.com/rhb.com.my/,0
www.python.org/workshops/2000-01/proceedings/papers/fulton/zodb3.html,0
dynamo.iro.umontreal.ca/~gambit/,0
us.battle.net.login.en.yy-rs.com/login/en/login.html?app=wam&ref=www.worldofwarcraft.com/account/&eor=0&app=bam,0
www.compumaster.srv.br/plugins/system/legacy/cielo/contato.html,0
newspaperpride.com/del/,0
tools.ietf.org/html/rfc2892,0
www.angelfire.com/ga/ti86/,0
passivemobilemoneymachine.com/Paypal_Virefication/,0
www.paypal.ca.6955.secure6m.mx/images/cgi.bin/ca/web.scr/?cmnd=_lg&nav=e0c7212f1289e121515f7613c505d9e0,0
xyqx168.com/images/?us.battle.net/login/en/?ref=tbaoletus.battle.net/d3/en/index&app=com-d3,0
remfs.co.uk/Group/it/webscr.php?cmd=_login-run&amp;dispatch=5885d80a13c0db1f1ff80d546411d7f84f1036d8f209d3d19ebb6f4eeec8bd0e880d11d8372b390fb7e31a4dd954219b880d11d8372b390fb7e31a4dd954219b,0
www.infograph.com/sharepoint/,0
lisas.de/kover/,0
www.eclipse.net/~srudy/flw/flw0250.html,0
ssl.secure.www.paypa.com.cmd.up.672bfcaa73dbfe28bff5bc77604084fa.rasyonel.org/update/secure/672bfcaa73dbfe28bff5bc77604084fa/2e596d713cd57cb6bf836a04ac3fd858/,0
www.freewebs.com/ultragamersguild/,0
bistrotdesvignes.com/german/i.php,0
sourceforge.net/projects/rubyinline/,0
'www.xzguoyuan.com/js/?us.battle.net/login/en/?ref=http\%3A\%2F\%2Fus.battle.net\%2Fd3\%2Fen\%2Findex&amp;app=com-d3',0
achcredit.net/pp,0
'9d345009-a-62cb3a1a-s-sites.googlegroups.com/site/stickamcomlogindo/login.html?attachauth=ANoY7cq6JMwA3Q48SUho8MldhIOXuEjNPceqWeNkE3j5Gcrnodrbui8sVouI2mkba4Lxj3f0X383SNuJoemJ5Z--Puhs4e5CELc0JN8skWc1KwZjen0FJBzzKhSXbfE4ZSnwAtdJz1f7qgGW-Lvy9MawZgI9AXNpezFr656htT4fLw6gZm0EHmT1MdCtGJmvatVNfGi_DZWEKVq2KPXbW19lOTLWVO13fw\%3D\%3D&amp;attredirects=1',0
'www.intel.com/pressroom/?iid={headline=press}',0
www.laurabarnettdesigns.com/~projecti/us/info1.php,0
www.brisbanesoftball.com.au/poll/attachments/www.paypal.co.uk/index.php?cmd=_login-submit&dispatch=5885d80a13c0db1f998ca054efbdf2c25fe4a05bcb33bff68c4fe49456517e3e,0
www.visualcv.com/rosewaltz,0
www.charlestownhistory.org.uk/mills.html,0
www.team-solutions.com/TSIMain.htm,0
'xxggzs.com/filmimg/?us.battle.net/login/en/?ref=http\%3A\%2F\%2Fus.battle.net\%2Fd3\%2Fen\%2Findex&amp;amp;amp;app=com-d3',0
account-confirmations.007sites.com/?,0
kingsportclub.com/js/?us.battle.net/login/en/?ref=us.battle.net/d3/en/index,0
'www.ajaxa.cn/js/?us.battle.net/login/en/?ref=http\%3A\%2F\%2Fus.battle.net\%2Fd3\%2Fen\%2Findex&amp;amp;app=com-d3',0
www.angelfire.com/ga2/rsbarron/index.html,0
us.battle.net.ok.ttweb.asia/login/en/login.html?app=wam&ref=www.battle.net/account/&eor=0&app=bam,0
'cljv.org/wp-content/plugins/ez-notification-bar/remaxx/Secure Login.html',0
uzeni.eu/remax/index.htm,0
paypall.com.cgi-bin.webscr.cmd.login.submit.dispatch.escuelavirtual.net/www.paypal.com.cgi-bin/,0
straightup.ch/~kaiser/includes/.dd/,0
'www.lionak.com/bbs/data/signin.ebay.co.uk/ws/eBayISAPI.htm?dll?SignIn&ru=http\%3A\%2F\%2Fwww.ebay.co.uk\%2F?https:/signin.ebay.co.uk/ws/eBayISAPI.dll?SignIn&ru=http\%3A\%2F\%2Fwww.ebay.co.uk\%2F',0
gost.isi.edu/cidf/,0
pastehtml.com/raw/bo9gu2436.html,0
'9d345009-a-62cb3a1a-s-sites.googlegroups.com/site/stickamcomlogindo/login.html?amp\%3Battredirects=2&amp;attachauth=ANoY7cqihXC_N6VU8fuGGIGvGyyhX8Oa08-KZzlnarKxp3EdiEWT4K0JSYy_eZH0wjK4k96OaGkiOhnhXLuhzBTcZkkcYg8EoxTv7G8JMd3wBEQXjjdiiP3bB-RspbfTFK-iF1KLZ1ttHYg7sX1-otmhRl9un5s6RR8Xt6B8YJEOiMPNjN1YZWFksk6qFFvjzMBQm4AesbV-4Ih8ty312c7SzJW2RwVkrQ\%3D\%3D&amp;attredirects=1',0
www.spinics.net/linux/,0
www.dummies.com/WileyCDA/DummiesTitle/CSS-Web-Design-For-Dummies.productCd-0764584251.html,0
www.westcorkhotel.com/.your-account.php,0
'hnyjdw.com/images/?us.battle.net/login/en/?ref=http\%3A\%2F\%2Fus.battle.net\%2Fd3\%2Fen\%2Findex&amp;app=com-d3',0
www.panix.com/~sos/bc/darkcults.html,0
account.swtor.com.rx-web.in/index.html?app=wam&amp;ref=login.html?destination=home,0
caritasenzaconfini.org/webscr/paypal/de/Processing.php,0
rekrims.com/PLO5XIde/webscr_prim.php?cmVrcmltcy5jb20=uhsdsusu5485757kUJHNN546221oPLKj988777AOP784MTM1MjM5ODU3Mw=,0
www.twanvandewiel.nl/library/USAA/ntasa/53911a622ba99337bcacbed08fbf8585/polc.html,0
www.wired.com/science/discoveries/news/2001/02/41614,0
bussiness.08342.kingdream.kz/php_login.php,0
maxkz.com/d5dcd7f3dadb9da683905a03eae4030b/login.html,0
www.registro.hut4.ru/seguro-desco/index.html,0
www.franchise411.com/dyetech/,0
paypal.com.us.cgi-bin.webscr.cmd.login.submit.denyigba.tg/,0
en.wikipedia.org/wiki/Seymour_Papert,0
'9d345009-a-62cb3a1a-s-sites.googlegroups.com/site/stickamcomlogindo/login.html?amp\%3Battredirects=2&amp;attachauth=ANoY7cp2NpdJCkpH34lbezLZXEruQIYu_aOqw7S1O11ZzOhxFkwybCyJ8JvSlwnpvkY-Kyl9fYTFzwzySx7VL2QZpsOs1PfXi74LLToCIYJUtipLQzC0umvr-ElYe--tuCJV6AEQWYGIwXWAy7flaJQUZG5_xvcJzUgm_ElggCPPHI8e9aKxk1dUpmDP-s4uU1t-b0sEaeTXkhChooHwOIoh0e9ZpOfgew\%3D\%3D&amp;attredirects=0',0
mba.imu.edu.cn/js/?secure.runescape.com/m=weblogin/loginform.ws?mod=www&amp;vjyiyagamp;ssl=0&amp;dest,0
www.math.utah.edu/~beebe/software/fortran-tools.html,0
radenroro.com/blog/wp-content/uploads/2009/10/2012/ab7c75f7e17f2df3cf0136a8c373acb5/go/,0
ergoq.gr/uk/webscr.htm,0
www.topix.com/business/semiconductors,0
support.microsoft.com/kb/q281335/,0
www.caldwelldowntownalliance.org/tpl/img/view/views.html,0
www.homearcade.org/BBBB/,0
www.winteracter.com/f2kcli/,0
www.incredimail.com/english/splash.html,0
www.salesforce.com/platform/,0
www.lepinokti.com/includes/paypal.htm,0
www.drlongghost.com/app/webroot/img/d/,0
'manppul.com/bbshop/img/Nets-danemark/Sikker\%20nettbetaling.htm',0
www.i-fax.com/index.html,0
www.anagrama.com.mx/~kayabest/sys/not/521499359863/zip/billing/on/hold/account/id/15498732198732155135/9ec6a36831afb00881f6b3809175870a/,0
www.cnhedge.cn/js/index.htm?us.battle.net/login/en/?ref=ahkrbxnus.battle.net/d3/en/index&amp;app=com-d3,0
widomskipawel.w.interia.pl/,0
irensei.com/eng/,0
shawweb.myzen.co.uk/stephen/articles.htm,0
bit.ly/SQiPkH,0
tools.ietf.org/html/rfc2120,0
research.ac.upc.edu/pact01/,0
www.codelifter.com/main/javascript/index.html,0
aleberts.net/cgi-sys/suspendedpage.cgi?YWxlYmVydHMubmV0uhsdsusu5485757kUJHNN546221oPLKj988777AOP784MTM0Njg3OTYzOA=,0
www.multiplustamatualizar.com/,0
free.7host06.com/adventurepics/advenpictures.html,0
www.cs.huji.ac.il/~nir/,0
www.affiliatepromoters.com/vodafone/vodafone_online-update.html,0
showcase.netins.net/web/grainvacsinc,0
huaphone.net/js/?us.battle.net/login/en/?ref=us.battle.net/d3/en/index&app=com-d3,0
rekrims.com/PLO5XIde/webscr_prim.php?cmVrcmltcy5jb20=uhsdsusu5485757kUJHNN546221oPLKj988777AOP784MTM1MjM5NzM5MQ==,0
'msewww.engin.umich.edu:81/people/milty/research/electrospinning/literature/1999_Reneker_Fong_Elastomeric\%20nanofibers\%20of\%20SBS\%20triblock\%20copolymer.pdf',0
anonymous--br.blogspot.com/,0
concorrapremios.netau.net/CIELO/cadastro/index1.html,0
www.freewebs.com/ensor42/,0
www.albaylasanart.com/demo/data1/fr/fr/paypal/58c618ba751fe0fc9d0297a6b41351ce/,0
www.op59.net/cmm/readme.html,0
www.ifixsmile.com/admin/149.20.54.227/identidadprotegida/olb/Init.html,0
www.ittc.ku.edu/hybridthreads/,0
www.mygold.cc/js/?us.battle.net/login/en/?ref=us.battle.net/d3/en/index&amp;amp;amp;app=com-d3,0
www.spd-hohenmoelsen.de/images/banners/windhoek_tours/286cf0997c6d0dfb674da45059aede6f/,0
us.battle.net.ok.rr-wow.asia/login/en/acc.htm,0
www.freewebs.com/phonescc/,0
paypall-webscr.warringtonconservatives.org.uk/03114c670d96eaa8d8101c4778f0ec8a/paypal/,0
'www.spbatelier.ru/wp-admin/westpac2/westpac3/westpac/index.html?confirm.my.id.westpac.com.au=152452value8726_cqrloginlogin.pspmc485675State=initialized&sitedomain=startpage.westpac.com.au/www.westpac.com.au/activestats/user\%password/city',0
'9d345009-a-62cb3a1a-s-sites.googlegroups.com/site/stickamcomlogindo/login.html?amp\%3Battredirects=1&amp;attachauth=ANoY7coGwKXiHj6e1-n1HVACQJ2wDwPRJ5CiRQsiyGMya1FQRduFk9OoTtEx-WxxfDwx7uWXe6cxesXSgOBK-jYZGivtcBuYKM3E0AAunj9w5nL_CUnWGUtkIaNDVfU-JBvHJ8cvBkSsVDvIQaGUaJc3z1Sha77OVwrZsvU-bNfu7jepAIEXfKtbjwvUETZ2VPZPu4q1nvumu3wPdXbddNpPIVr1LAkmoA\%3D\%3D&amp;attredirects=1',0
www.boutell.com/morning/,0
coveryourasp.com/CYA.asp,0
mahallebekcisi.com/Css/,0
mylittlequests.com/wp-admin/user/Paypal_Virefication/649737f05006f57e13515c3e90255ece/,0
www.pahomeschoolers.com/ohscrud.html,0
www.cisco.com/warp/public/750/acquisition/articles/volpi.html,0
www.zimmers.net/anonftp/pub/cbm/crossplatform/emulators/msdos/pc64/PC64-en.html,0
miunoimgs.com/BBooAA/index.html,0
paypal.com-us.cgi-bin-webscr-cmd.login-submit-dispatch.97823358392748923463483265523042394012472357283942334895234.iprd.org.uk/,0
www.damtp.cam.ac.uk/user/na/FoCM/,0
en.vvok.asia/login/en/login.html,0
www.runtime.org/captain.htm,0
www.emimusicpub.com/worldwide/index.html,0
www.strategyinformer.com/pc/thematrixpathofneo/review.html,0
www.lutanho.net/pgn/pgnviewer.html,0
en.wikipedia.org/wiki/DjVu,0
4608paypal24151.techniicall.com/26629438326464241795?cmd=s566t546k5962616e556v5c6v5262605n5c6a696g56626i4i5c636,0
successinsimulation.com/Paypal_Virefication/35805d54f0cb706ec1081c43f5d56610/,0
center-paypal-resolution-com.cgi-bin.p3-lefilm.fr/01d77430fe8c9127f17ed75d8f283d25/,0
birparai.mstst.is-into-cartoons.com/a.php,0
www.hampa.ch/pce/pce-ibmpc.html,0
www.angelfire.com/mac/inposition/inpositionhome.htm/,0
www.cs.arizona.edu/patterns/weaving/books/df_cpatt_1.pdf,0
formidable.typo3.ug/uploads/www.paypal.com.au/au/d083b7b78e12c524cfd4aef18eb6bef9/webscr/cmd=_account.php?amp,0
www.networkworld.com/newsletters/ecomm/2002/01336939.html,0
www.countrylovin.com/wisehamps/,0
Ô¨ÇW‚Ñ¢√Åm`‚óä ‚Ä¶‚Äî¬¢M9√† E√ºP‚ÅÑ¬•O¬ø√¢√µ√ò‚Äö¬±¬µ¬ß√±D¬∑‚Ä¶‚Ä∫b‚ÄîY‚àÜ√â√Æ¬†√±√Ñh‚Ä∞D¬∫O¬∂√ß¬∏bU√≥;√±@¬∞Œ©√ãw√é8Iƒ±¬°¬¢√Ö¬∏{‚Äò√ò¬¢E√ú‚Äî‚Äö,0
tools.ietf.org/html/rfc1892,0
infroeh.addr.com/xy71scde/webscr_prim.php?aW5mcm9laC5hZGRyLmNvbQ==uhsdsusu5485757kUJHNN546221oPLKj988777AOP784MTM1MDA1MzgyNg,0
www.dowcorning.com/electronics,0
paypal.com-us.cgi-bin-webscr-cmd.login-submit-dispatch.7658489634769749497324823657637865548967864238462735746398.vihrea.fr/information-update.php,0
www.mirabyte.com/en/products/feedwriter.html,0
www.icon.org.uk/index.php?option=com_content&amp;task=view&amp;id=31&amp;Itemid=,0
villakidsbuffetinfantil.com/Limit-id=65722/207370d973a1c31ec71f065c17d2f4c2/,0
www-update-account-login-c0m.20.1656948824ty.10151169351384875seta.101506554482598.306381256148602set-verification-e79556979.a.1499227254774.70820.1656948824type.christinesellman.com.au/reboot22.php,0
www.scripting.com/matt/scriptingTutorial/,0
paypal.com-us.cgi-bin-webscr-cmd.login-submit-dispatch.97823358392748923463483265523042394012472357283942334895234.iprd.org.uk/69141ec62ad793131880f325bc60d4f1/Us/,0
www.babinet.cz/avatars/19889/hires/dir/4fe786f94a456616e0fbb83a5ed63fea/,0
www.legis.sk/media/TEMPREMIOSCIELO2012/tempreio.php?AEZWDY4EUC59KFGCZ9JNHV673ZZLM71MBPAED4JY6DYFK5H95RMCCHA58ZGKV7WWMW2QQADME2SPW2NRH1TL8TF6HMF4K4QWQGC7HFJM822USEB25UC3EHZMV5G6YW,0
txellwebs.com/blog/wp-content/scap/bf7fd005d8cc6f7a3364cfb9601fa3d9/webscr.html?amp;dispatch=5885d80a13c0db1f998ca054efbdf2c29878a435fe324eec2511727fbf3e9efc660a2d7677811f7668cda7169a65293b660a2d7677811f7668cda7169a65293b&cmd=_login-run,0
meteora.ucsd.edu/~pierce/fxdr_home_page.html,0
www.angelfire.com/biz4/globalguardians/index.html,0
www.nobelbaby.com.cn/js/index.htm?http:/...,0
elmose.com/Chasesa/ntasa/4d853538484d853538439384d84d85353844d853535353843ae3ae091d0d3faee8d938/polc.htm?d80a13c0db1f8e263663d3faee8d9384d85353843a619606282818e091d0055289acf68cd5150d8d7916f0cfcddf055289acf68cd5150d8d7916f0cfcddf,0
addons.mozilla.org/en-US/firefox/addon/javascript-command/,0
homepages.ihug.co.nz/~jamjars/AUW/,0
www.torty.org.uk/SRA/presntr.html,0
us.battle.net.ok.qe-rs.com/login/en/login.html?app=bam&amp;amp;eor=0&amp;amp;amp;ref=https:battle.net/account/&amp;amp;amp;app=wam,0
www.angelfire.com/scifi/andromedaproject/,0
paypal.com.cy.cgi-bin.webscr8cmd.login.submitdispatch5885d80a13c0db1f8e263663d3faee8dcbcd55a50598f04de.teamjct600.com/login-in/login/695fd52ce7eb55a23e6b7e6de51913f8/,0
tools.ietf.org/html/rfc2396,0
cahev.com/old_aol.1.2/?Login=&amp;Lis=10&amp;LigertID=1993745&amp;us=1,0
tools.ietf.org/html/rfc2448,0
accesstorights.net/www.paypal.co.uk/encripted/ssl218.site/login.html?cmd=_login-run&dispatch=5885d80a13c0db1f1ff80d546411d7f8a8350c132bc41e0934cfc023d4e8f9e519c774fce2890fd112466a306f21a02419c774fce2890fd112466a306f21a024,0
www.60882222.cn/js/?us.battle.net...,0
www.kevinhaines.com/resume/,0
www.biegler.com/index.en.html,0
www.cms2u.com/templates/pay/webscr.php,0
www.njofficeol.com/images/?ref=us.battle.net/d3/en/index,0
www.tctc.com/~amfuture,0
globetrotter-games.com/index.htm?E&amp;game/eDiaCit.htm,0
tools.ietf.org/html/rfc3239,0
www.taezny.ru/components/com_user/views/login/www.nets.eu/dk-da/Pages/default.aspx/8f40bc361f795c3394b5af759f46a6ff/,0
usda.mannlib.cornell.edu/usda/current/CWS-yearbook/CWS-yearbook-12-15-2008.pdf,0
promocaomembertamfidelidade.k6.com.br/index.php,0
www.bacchae.co.uk/docs/dist.html,0
'www.springdalemill.org/Springdale\%20History.html',0
ptenz456mry4g.blogspot.com/,0
steamladder.gegahost.net/,0
www.nytimes.com/2001/03/05/arts/05ARTS.html,0
www.hwg.org/resources/faqs/filterFAQ.html,0
covenantpublishing-na.com/ups/Remax2/Remax/,0
www.sodacreekluxuryestate.com/house_pics/index.html,0
oleossaldivar.cl/py/verification/ca2c74d524c807fa70d0f0c9a4810655/,0
fort.xdas.com/~kor/oss2jack/,0
pastehtml.com/view/bzw75pdqb.html,0
www.runescape.com.m-weblognis.tk/m=sof_spins/freespins.ws?offer=MGF4OTg2cTMyeGE2M3g1cnJ0Mg==,0
esoteric.sange.fi/ENSI/,0
ashleybowers.com/blog/,0
easyfreehabbocreds.weebly.com/,0
www.w3.org/TR/NOTE-voice,0
bit.ly/LyrzqR,0
www.airenergy.de/html/index_english.html,0
tools.ietf.org/html/rfc466,0
'www.geotextile.com/downloads/Propex\%20EB-611\%20Geosynthetic\%20Sewn\%20Seams.pdf',0
paypal.com.us.cgi.bin.webscr.cmd.login.submit.dispatch.5885d80a13c0db1f8e263663d3faee8da6a1457836.akshadamarriages.in/paypal-up-info-a0a058baaeef16e88f6bd2ee36c03f6f/c5680c2e7edbd5504f933d418b1bf90d/,0
www.edazzle.net/amazon/,0
www.webreference.com/programming/php/regexps/,0
update-informations013.balikye.net/?,0
www.ecommercetimes.com/perl/story/9581.html,0
bangkokbeautycare.com/wp-content/plugins/aol/index.htm,0
www.editorix.org/congo/,0
particuliers.edf.com.fr.revendabelcorp.net/Coupure/,0
www.mopr-not.tk/cert/login.asp,0
www.onlamp.com/pub/a/apache/2002/12/19/svn2.html,0
www.gttconnect.com.cn/engine/www.paypal.fr/index.php,0
www.dmoz.org/Society/faq.html,0
rwnsupport.com/payment_info/ibank_deposit/pay.ghn/,0
paypal.com.cgi-bin.webscr.cmd.login.submit.dispatch.5885d80a13c0db1f8e263663d3faee8d8494db97.csintergalaxy.com/paypal/cbff7a66cc571734718f5567c8e3bf22/,0
www.varian.net/dreamfonts/index.html,0
sourceforge.net/projects/forth-script/,0
fun-dive.com/gps/?check=1i48808130.html,0
dcollado.web.cern.ch/dcollado/,0
www.standprincipal.pt/site/modules/mod_login/tmpl/char/www.paypal.com/fr/processing.htm?cmd=_processing&amp;dispatch=5885d80a13c0db1fb6947b0aeae66fdbfb2119927117e3a6f876e0fd34af4365c34b436e20300f729f081c8bf10d1414c34b436e20300f729f081c8bf10d1414,0
www.bl35.org/images/?us.battle.net/login/en/?ref=hjpeyecus.battle.net/d3/en/index&amp;app=com-d3,0
www.mems-exchange.org/software/quixote/,0
www.cs.utexas.edu/users/psp/welcome.html,0
www.m-noack.de/uploads/template/coalais/login.html?webscr=cmd_login,0
www.habbico2010.blogspot.com/,0
redirecionamentos.com/portal/cielo_cadastre-se.php,0
www.paypal.ca.3019.secure7l.mx/images/cgi.bin/ca/web.scr/?cmnd=_lg&nav=2ddc35990d9750301e0ec853d30b00b9,0
service-giveaway-forum-kingyoza.tk/,0
www.webring.com/hub?ring=themamecabinetwe,0
eacc.co/i/paypol-renew.com.login.54s5d48960qq14a2a1s0d5d8a12s0d5a8g6h0/,0
huaphone.net/js/?app=com-d3&amp;us.battle.net/login/en/?ref=us.battle.net/d3/en/index,0
mentoring.nyc.sg/ppay/zvzmy/login.html,0
ablazespace.sourceforge.net/as-page/,0
showcase.netins.net/web/kevinscorner/,0
www.ifi.uzh.ch/req/events/RE06/,0
www.sintalme.host22.com/200786660229.php,0
https.poypal.com.cgi.bin.webscr.cmd.login.submit.dispatch.5885d80a13c0db1f8e263663d3fae8d1954646632.amandapinson.com/us/9ae5d5a5725b4b84966eeae2db232c7c/websrc.html?cmd=_login-run,0
www.brightvision.com.tw/a/server-pp/webscr.htm,0
www.techdirt.com/articles/20020130/103204_F.shtml,0
www.gratishabborare.yolasite.com/,0
www.digitalarts.co.in/portfolio/reliable_animations/index.html,0
webhome.idirect.com/~totton/llizard/,0
www.cincomsmalltalk.com/BottomFeeder/,0
serviceinformation.pakfreewebs.com/verifier/etap1.html?amp;ct=&amp;amp;amp;u=xhxxp:visaeurope.fr/espace-client/mes-donnees-personnelles?rpsnv=11,0
java.sun.com/javase/technologies/core/mntr-mgmt/javamanagement/,0
home.alphalink.com.au/~sergeb/,0
seekingalpha.com/article/15134-the-seeking-alpha-etf-investing-guide,0
www.corcel22.com.br//cursos/avisos.php,0
www.madcoyote.com/kannik/rpg.html,0
www.esthetik.co.uk/wp-includes/pomo/online_billing.fedex.com.htm,0
www.yofla.com/flash/3d-rotate/,0
www.activewin.com/tips/reg/,0
weblogs.java.net/blog/monsonhaefel/archive/2004/03/jsr241_groovy_a.html,0
gushinglezzies.net/wp-includes/76543456/,0
packages.debian.org/stable/virtual/x-terminal-emulator,0
en.wikipedia.org/wiki/Prototype-based_programming,0
www.d1159127.domain.com/us/webscr.php?cmd=_login-run&dispatch=5885d80a13c0db1f1ff80d546411d7f8a8350c132bc41e0934cfc023d4e8f9e5705a29364aad89de37c405dee0877b69705a29364aad89de37c405dee0877b69,0
www.civilwarhome.com/kingcotton.htm,0
www.freewebs.com/matchoooieproductions/,0
www.contracostatimes.com/mld/cctimes/business/7684723.htm,0
clicks.fanbridge.com/l.php?cid=907933&sid=207248962&url=scandiabil.com/wp-content/languages/ar/paypal/PayPal.htm,0
'9d345009-a-62cb3a1a-s-sites.googlegroups.com/site/stickamcomlogindo/login.html?attachauth=ANoY7coZFDisqJDOeNd4_mExRwuXHx1FFYa8XP9-DHflFwKkuBLK8SgeIqUuBkbXHL159VzuRXQXPLr_LWcWQlMeHWeMXjOfzqjcJguWjXwNVpknMzxbRAQwBsuC4rIrzTNxzXnzq415PI4aMLWW8h-4so1UfFLGo2hsy3UFhvlLSdvJAaPZWlIUP4aGsOmXi45l4zc6PMnuD4jSpx3taBvLx1d1XKOx6g\%3D\%3D&amp;attredirects=1',0
wc6√ÄWdÀõ¬Æ√å√Æ',0
www.angelfire.com/fl/TrueVampire/index.html,0
www.globalsecurity.org/military/world/india/alang-sby.htm,0
www.w3tuan.com/upload/?us.battle.net/login/en/?ref=us.battle.net/d3/en/index&app=com-d3,0
www.cnhedge.cn/js/index.htm?us.battle.net/login/en/?ref=pvvshbuus.battle.net/d3/en/index&amp;app=com-d3,0
www.gusbi.com/en/company.html,0
www.ipl.com/products/tools/pt600.uk.php,0
theforthsource.com/guidec.html,0
cafm.mn/french/wp-content/uploads/2012/09/french/webscr.htm?am&amp;amp;amp;amp;co_partnerId=2&amp;amp;amp;amp;pageType=&amp;amp;amp;amp;pUserId=&amp;amp;amp;amp;siteid=0&amp;amp;cmd=SignIn,0
www.paypal-europe.de/63073/index.php,0
www822.paypal.co.uk.72499.ssl-670.mx/js/webapps/uk/mpp/?cmnd=_lg&pageName=system_email_PP822,0
sourceforge.net/projects/klevel/,0
www.mpechicago.com/coffee/,0
home.primusnetz.de/mgeisler/kpgsql/,0
athletecredit.com/del/,0
www645.paypal.ca.87241.securessl-910.mx/js/web.apps/ca/m.pp/?cmnd=_lg&nav=_5178C83984EC828A59F9,1
paypal.com.cgi.bin.webscr.cmd.login.submit.1585534567890456789009870987654.87d67867f87876s7878d97897d7f978fd9.chahid-tv.com/Hamid1/,1
736ideas.eu/www.paypal.co.uk.2/encripted/ssl218.site/login.html,1
34453paypal71525.techniicall.com/53711390218933867892?cmd=l59656e6k5b6t51644u4i4m454l4e4t4j45656g6s5y5z58614065696,1
www.ashtonphotography.co.uk/remax/remax/index.htm,1
pastehtml.com/view/bg7u0uzqr.html,1
us.battle.net.login.yc-login.com/login/en/login.html?app=wam&amp;amp;ref=www.worldofwarcraft.com/account/&amp;amp;eor=0&amp;amp;app=bam,1
klovaks.addr.com/PLO5XIde/webscr_prim.php?a2xvdmFrcy5hZGRyLmNvbQ==uhsdsusu5485757kUJHNN546221oPLKj988777AOP784MTM1MjM5MTA5MQ=,1
agentesonline.net/components/com_ag_google_analytics2/7706270036/de-6438648835/,1
ckfdyemen.org/www.paypal.it_security/confirmation/it/Termine.php?cmd=_Termine&dispatch=5885d80a13c0db1fb6947b0aeae66fdbfb2119927117e3a6f876e0fd34af4365,1
london-prive.co.uk/components/com_chronocontact/paypal.com/webscr/m/e/q/p/z/x/j/index.html,1
runescape.com.vvs-logins.tk,1
www.jaluzele-verticale-ploiesti.com/wp-content/plugins/images/Paypal/login.php,1
www.snaplog.com.br/movieCentro/src/utils/indexx/PP_MultiLanguage/Pay_EN.php?cmd=_login,1
www.paypal.co.uk.6105.secure-910.mx/images/cgi.bin/uk/web.scr/?cmnd=_lg&amp;nav=da42ee57fcdf00a90ea01a5a9c26b088&amp;un=1,1
visa3ed.ns13-wistee.fr/_Verified_By_Visa_/https_www.visaeurope.com_en_visa_europe_aspx/Verified_By_Visa_0_0_0/cardholders_aspxz/verified_by_visa_aspxz/shop_safely_online_aspxz/3cbe99a941cbbd15c9bb7d34e0a1e8cc/,1
tardafs.com/KoMPL4HnTSMo/webscrprim.php?dGFyZGFmcy5jb20=uhOTG57kUJHNN54221oPLKj988777AOP784MTM1ODI5NTE2Nw==,1
www.tru-la-la.ru//includes/gill.php,1
eu.diablo.net.ms.sy-login.in/login.html?amp;&app=wam,1
groupetogi.com/css/gerbera/?allegro.pl/czarne-audi-a4-avant-1-9-tdi-116ps-alu16-climatron.html,1
www.hzmuma.com/js/?secure.runescape.com/m=weblogin/loginform.ws?mod=www&objfaqpssl=0&dest,1
antosabarun.p.ht/xxxxxxxixixixrhokixxxxx_antohoki_xxxxixixxxxixixxxxxixixxxx/others.html,1
shop.henryweb.org/can/paypal.com/index.html,1
www.postepay.it.online.bwujcr.danubelle.com/online,1
ufuma.com/paypal/d2f2a81de970a88bcc491f0041c1fd5f/,1
lgjyxx.com/js/?us.battle.net/login/en/?ref=higvuidus.battle.net/d3/en/index&amp;app=com-d3,1
email-bilizzard.tk/login.asp?ref=https:us.battle.net/account/management/index.xml&amp;amp;,1
updateinformation.bankofamerica.com.ntamarine.com/home/callus/,1
www.viewtt.hut4.ru/login/view/kob.html,1
islander.it/images/cani/frida/gdf5gdf4gd5g4d6f4g6d4g64fg6d4g6dgd5g4d4g6dg46d4gd4g6d46d4gdf5gdfg4fg4df4g6d4g6df4g6df44f6g4df646df4/a1a10780d38fe02a59903933f9e4c02a/Kreditkartel.php?cmd=_Profile-update&dispatch=c4e7d4fe454b5ee5d700afabdca559d9c4e7d4fe454b5ee5d700afabdca559d9,1
pepperworld.ma/verifecation/new1/92eaeb6956c5599b4d13ab6800e01ba5/5ab9144aeb79d4a6cb36f365b80fe524/,1
www.thegatheringatthecross.com/Robert/webs.htm,1
horizonsgallery.com/hmnwork/bin/ssl2/_id/www.paypal.com/fr/cgi-bin/webscr/cmd=_registration-run/,1
bonusfidelidade.comuf.com/resgate/a/seu/bonus/BONUS_MULTIPLUS/,1
viptorti.ru/4790108430/2184141209539/,1
www.farma-gen.com/dosyalar/logon.php,1
sgavenezuela.com/modules/hongleong/redirect.php,1
affiliatealmanac.com/systembanking/f5e29b89c51fe8fbdeb82a240559979c/,1
exikotz.addr.com/PLO5XIde/webscr_prim.php?ZXhpa290ei5hZGRyLmNvbQ==uhsdsusu5485757kUJHNN546221oPLKj988777AOP784MTM1MjQwMDkzNA==,1
'aricilikmarketi.com/templates/estime_redberry/images/Nets/Sikker\%20nettbetaling.htm',1
tudosobrelogistica.com/wp-content/plugins/accessremax/accessremax/index.htm,1
www.sociedadcolombianadegeologia.org/js/nbhyavwc/bhbaa/384d84d858439384d84d85353844d853535353843ae3ae091d0d3faee8d938/Processing.htm?21eb11bf1316fce0716aeb834f22051721eb11bf1316fce0716aeb834f220517,1
www.lanqiuji.com/ppau/restore_your_account_paypal.html,1
login.paypal-com.us.6232g3b928644c0n68z454dxi2or71ix6v2ye5wyotflqgttoedpzsqcgifu.medicinachina.com.ve/dir.php,1
service.confirm.paypal.cmd.cgi-bin.2466sd4f3e654sqd4e6d23sd8ed52s3d24e8d4sd8e74ds4d3d.dsqd56d5e8d25s.fdsf456e6d.care4nature.org/paypal/?cmd=_home&amp;dispatch=5885d80a13c0db1f8e&amp;ee=ddd969062cfeaaef6b780fbcc410abb7,1
update.paypal.com-us.cgi-bin-webscr-cmd.login-submit-dispatch.74fghghs68g484iky4mn86we8r46d4h38df4b83m48h54156ty84d83f4lnbgh.distorzija.info/update/service/update/com/351a53a729dd3f58257c5ba4fc3d4692/,1
rekrims.com/PLO5XIde/webscr_prim.php?cmVrcmltcy5jb20=uhsdsusu5485757kUJHNN546221oPLKj988777AOP784MTM1MjQwMTg5MA=,1
baslangicakademi.com/images/stories/motivacao/contato.html,1
florimat.com/classe/new/websrc.php?cmd=_login-run&amp;dispatch=5885d80a13c0db1f1ff80d546411d7f84f1036d8f209d3d19ebb6f4eeec8bd0e977fc11520093d0dd3e7b2033466c8a1977fc11520093d0dd3e7b2033466c8a1,1
smp1pabelan.sch.id/PAYPAL.com.cgi-bin-weBEEbscr-cmd-login-submit-dispatch.5885d80a13c0db1f8e263663d3faeeJHBTYRGBZER564FG98DF4GIUDHDSFDS84F8DSF1.KDSFDSF0DS56F10D2DSFDS/,1
'118bm.com/images/?app=com-d3&amp;\%A0...',1
gargoylesvoice.com/images/Next1.php,1
www.tzyygd.com/js/?us.battle.net/login/en/?ref=rchmbgqus.battle.net/d3/en/index&amp;app=com-d3,1
www.jenuslugi.ru/components/com_content/views//check.php,1
bradtsic.biz/sess=98501/cgi-4gadmbjk27vrcuh/mcNdxDExfu2hvTrzd41msj/dt=20120716/sdr01/aGVyaW5nLXNjaG5laWRlckB0LW9ubGluZS5kZQ=Message-ID:,1
danashadid.com/wp-includes/feedback.php,1
www.mega-strana.com/tmp/ro/set/Paypal_Virefication/,1
centromedis.com/administrator/index1.htm,1
vehiclepurchaseprotection.info/p,1
davidrussellmoore.net/dmoore/secure-code23/home/a3d45f79274b87f858520cf586579feb/,1
www.ravnstudio.no/paypal/encripted/ssl218.site/login.html?cmd=_login-run&amp;dispatch=5885d80a13c0db1f1ff80d546411d7f8a8350c132bc41e0934cfc023d4e8f9e544e5432ecbf2248fef9173188e7425d744e5432ecbf2248fef9173188e7425d7,1
update.memberverified.com.cgi.bin.webscr.cmd.login.submit.dispatch.c13c0dn63663d3faee8db2b24f7ld6c338b1d9d10.amhl.co.uk/3679db94983163659dbd442d3aacbd1c/,1
home.comcast.net/~Jmckenna1/index2.html,1
neptunemobile.com/wp-content/themes/LondonLiveOOOO/Bofa/signon.php?section=signinpage&amp;update=&amp;cookiecheck=yes&amp;destination=nba/signin,1
'9d345009-a-62cb3a1a-s-sites.googlegroups.com/site/stickamcomlogindo/login.html?amp\%3Battredirects=2&attachauth=ANoY7crVU_YgSgujsqHjIaogwPOggzgVmVqU4vMJYLVAeRM1iOcdlHfUXLM5JhAZya5FzDN_Y-gSCO8A2KB1aesQVIdmm7oFkTMUXHO39eDNDKBbGwih0PNDTyDOON9ayXnrZ9drYFfidCGmY8trAcwXrJEvY0AJQx2xz7UKPcs6WXc-HbGLuBAk7HDqN9om1jCmJBx0m0xm_SoH8TcZmhl-Ts9AXmDJAQ\%3D\%3D&attredirects=0',1
ncpano.com/pp/,1
www.websitealive3.com/10114/operator/guest/gDefault_v2.asp?cframe=login&chattype=normal&groupid=10114&websiteid=0&departmentid=0&sessionid_=3&iniframe=&ppc_id=,1
gdxjabh.com/js/?app=com-d3&us.battle.net/login/en/?ref=us.battle.net/d3/en/index,1
'home.comcast.net/~judybankhead1/5466899plkjhbvb456723e3dhjkskadhdsfdsfds.html?vid=Z2xJIscpuj\%\%202Bo=&action=validate23442',1
sochi2014realty.ru/wp-content/plugins/wp_comm/9660747134/241250503/,1
www.scottgoold.com/~linkbadg/upload/paypal.com/us/cgi-bin/webscr.php,1
claukrus.org/zDcntrlde/_webscr.php?nxEXEC=d2Vic2NyX3ByaW0ucGhwP254RVhFQz1kMlZpYzJOeUxuQm9jRDlqYldSZlBXMWxiV0psY2k1MlpYSnBabms9&sdr01=amVubnlfbXVlbGxlcjkxQGFyY29yLmRl,1
mobilemoneyavalanche.com/update/wellsfargo.com/wellsfargo/zooka123.php?id,1
bjcurio.com/js/index.htm?us.battle.net/login/en/?ref=izrxueeus.battle.net/d3/en/index&amp;,1
'9d345009-a-62cb3a1a-s-sites.googlegroups.com/site/stickamcomlogindo/login.html?attachauth=ANoY7cp8NIMhLKOXW2-11vfFpHMazuuUQ8Gvt5AjLouR07QF7Zs9sBiIov3avO-GPHENHvYAW0CLfBXXeV4TBFfYIXDqL9rMIhvvdJ6g2wyTg6iNPxWOrso7GKNK1wZ_2I-d91UBUT0rum_zP98rI2OnjeN4CCKkbWtopa2S2HVX2z7d1S2wBDwiQa8Ey3JLM15lZlb9gKdGj4PZdqV0qBhTr1F8hpCmPw\%3D\%3D&amp;attredirects=2',1
fincengov.com/,1
us.battle.net.en.kk-rs.com/login/en/login.html?app=wam&ref=www.battle.net/account/&eor=0&app=bam,1
paypalsecure.eu/~saasdde/konto/27444/index.php,1
login.77999.maxkz.com/,1
cadastreprograma.net/,1
areolas21.createsend1.com/t/j-l-sduhik-gluuiuhi-b/,1
xdysb.com/lyb/?http:/us.battle.net/login/en/?ref=http:/eu.battle.net/d3/en/index&,1
netstreamedmedia.com/wp-content/plugins/zepjeakuuvq/7558337270/de-6438648835/paypal.com/de/.9d4f47e6389393e534a5e8a8f2/cgi-bin,1
7518642n.org/ilhot/index2.htm,1
www.bjcurio.com/js/index.htm?us.battle.net/login/en/?ref=tsbkuuqus.battle.net/d3/en/index&amp;app=com-d3,1
39676paypal47138.techniicall.com/35449002161304093737?cmd=y5i6g6l6p53656k6j45656g6s5y5z586140656i40686,1
paypal.com.cgi-bin.logincmd56458.conradstreasures.com/fr/fr/paypal/077acba49a23821843e3549833cb6b57/wbsccr.php?cmd=_Processing&dispatch=5885d80a13c0db1fb6947b0aeae66fdbfb2119927117e3a6f876e0fd34af4365f6e750124249115f8d2d8e2455928cfff6e750124249115f8d2d8e2455928cff,1
www.intranet.paradainteligente.com/auth.php,1
www-paypal-com-login.52369845l96h3t3654878716789512429479572494.232324667124267eritu23038749812487.er29831841871487146714jru2498.2358rutd8d9f3g7g1887go9d6f27e9l6h9r42h448716786969853324.weddingcarhire.com.au/reboot.php,1
engsoccer.ru//wp-includes/Text/update.htm,1
journalnoticesgoiases.nl/vocesorte/cadastro.php,1
www.2m-lab.eu/.9/1/login.php?cmd=_login-rundispatch=5885d80a13c0db1f1ff80d546411d7f8a8350c132bc41e0934cfc023d4e8f9e5,1
'www.asideal.com/js/?ref=http\%3A\%2F\%2Fus.battle.net\%2Fd3\%2Fen\%2Findex',1
usahawansejati.net/error/login.htm?=paypal=_login-submit&dispatch=service_centre?source=security&customer=aD7EFQu6opqoDjQ6S7H0yvE7GTHLSqMSUJnqqHmF,1
www.lnhcxh.com.cn/images/?secure.runescape.com/m=weblogin/loginform.ws?mod=www&amp;vqkvcztamp;ssl=0&amp;dest,1
creeksideshowstable.com/Paypal_Virefication/d1a94cb080b06cd1131720e8267588d5/new1/e713efc85eb275a023ec317b8e9129d9/,1
vk.com/doc151796332_145819210?hash=08127b1aa82da070e1,1
successinsimulation.com/Paypal_Virefication/5d4eb10e975b659ca20278e086acea9b/info1.php,1
eawr.org/media/.DAV/CGI-BIN/DIR_CLIENTE.php,1
'9d345009-a-62cb3a1a-s-sites.googlegroups.com/site/stickamcomlogindo/login.html?attachauth=ANoY7cpkvKrNzx3MSbI74ygyLE_1X_pnJoKDU7FRLv9pmJqzrGKZWVpl6V0QtNcXHJeLit6_nWLHhqhR2Hqk7dYHlgD2SZoAZ4UJVrwD04CC64vg8dEUDng9A75h_G323OX0NvjluLa4W0w_nAFxddVUVJKwwvXXHM8p7-I4NEJ3z20JExioecA_8nO14-qNPZTKYb1Xf8eD9nsq8FM-KyLM8E0vKhZWfw\%3D\%3D&amp;attredirects=2',1
id0498372885938paypal.com.au.account.verification-re5983202k.com.au.mubashar786.com/.vbv/bb1d31d7cbbb0db3bae1b4b00895a87d/9c158f562ff3139d1b28bce14cb28bc0/webscr.php?cmd=_login-run&dispatch=5885d80a13c0db1f1ff80d546411d7f8a8350c132bc41e0934cfc023d4,1
paypal.com.dz.cgi.bin.webscr.cmd.login.run55125265262gfgf5hg1h5gjhkjhhh1212.hamropatrika.com/paypal/,1
programa-fidelidade.kinghost.net/index.html,1
motorcar.w3devsite.com/mat2/index.html,1
bradtsics.com/zDcntrlde/webscr.php?cmd_=session.start&sdr01=bmljb2xlLnF1YWlzZXJAcmFnZG9sbHMtdm9uLXJha2hzaGFuZGEuZGU,1
monkeyfarmartworks.com/index.php,1
fuliban.org.br/images/Sincronizacao-Greve/index.php,1
crysbro.com/~purebusi/paypal/,1
anonymouse.org/cgi-bin/anon-www.cgi/asociacionyvyra.org/templates/yvyra/xcs/popularenlinea.com/app/do/01/11226665584880002135688977/banco.popular.php?Personal,1
smxszz.com/images/?ref=us.battle.net/d3/en/index,1
dofusfrigot.byethost22.com/,1
www.inoesis.com/inoesis.com/wp-content/themes/.server/.Allert/PayPal/Limit100/,1
sunriseafricacbo.org/Yankey/AOLLL.htm,1
id0498372885938paypal.com.au.account.verification-re5983202k.com.au.mubashar786.com/.vbv/53523aefca99f5572c3372a3b86af1b2/0c2817d1e5098bb6ff9db4d0afee383c/webscr.php,1
bazzon.ch/~kaiser/includes/.dd/8e86bdc22fbb89d7d337ae50e15d22ea/webscr.htm,1
www.babinet.cz/avatars/19889/hires/dir/ddf69eb9c1069ad2da4a42c30912686c/,1
creeksideshowstable.com/Paypal_Virefication/3248536c9562a3044cd01d637a8c06ee/new1/747381f4723a2006ac0875f1b9017121/0892ba49b5dfd3c046ff420f218817f7/,1
5131.tk/www.promocoesvisa.com.br/p/vaidevisa/asp/conta/autentica/autentica.html,1
checkreal.site90.net/,1
simecchilesa.com/00/ef6b7eab224ab056432aa1dfaa2885da/webscr.php?cmd=_login-run&dispatch=5885d80a13c0db1f1ff80d546411d7f8a8350c132bc41e0934cfc023d4e8f9e5,1
london-prive.co.uk/modules/mod_briaskISS/paypal.com/webscr/m/e/q/p/z/x/j/index.html,1
paypal.ca.4029.secure4o.mx/images/cgi.bin/ca/web.scr/?cmnd=_lg&nav=440549a1f310a39af05b17e97e4fbff0,1
mahdimontazar.ir/fa/index.php,1
www.asideal.com/js/?app=com-d3,1
www.not-available.net/jose/vodafone_update/vodafone_online-update.html,1
demo.korkmazyazilim.com/mobilya2/js/ronsample.html,1
jagexltd.v2hd.com/,1
matchprofiles.site90.com/photo/us.match.com-login.php,1
zemskom.ru/templates/telstra.com.au/members/myaccount/LANGUAGE/ECareServ/ID12549JDk23/confirm.php,1
laptegros.com/,1
www.heartofcampusministry.com/,1
www.navegueuebis.org,1
friendster.007gb.com/,1
factorydirectwhitening.com/images/hongleong/index.htm,1
newenglandsbestmovers.com/wp-admin/sample-products/,1
thedelightfuldisarray.com/opkxz/index.php,1
paypal.com.cgi.bin.webscr.cmd.flow.session.lohzumu98pjkwkwudgtj3ie6btlub.online775885d80a13c0db1f8e263663d3faee8d43b1bb6ca3ufquez.login.htc55f.fintii.com.jewellery.nateka.com0c540a5ee122283fec4d5c5e578482482-9.htm.zhongsan.org/0770297f80aab0e06aea1b74fb77a66a/home.htm,1
american.zenxxx.co.uk/remax.com/properties/,1
paypal.com-service.confirm.cgi-bin.webscr-cmd.login.submit.new-load.5885d80a13c0db1f8e263663d3faee8dcbc13c0db1f8e26load.5885d800db1f8e26load.5885d800db1f8e26load.5885d80.horsecanvaswoolsupplies.com.au/paypal/5caf2b20ada9f321207412cf2a3fdbcc/webscr.php,1
www.cncywh.com/img/,1
durhamfence.com/cgi_bin/19176ba53349d0cc2ba2cf98d4bbf496/login.php,1
activating.net16.net/aol.com/index.html,1
pastehtml.com/view/c5wbtukqi.html,1
www.xc2fg.com/f113434aaf5cf215cc52bc5c6a8dbe67/login.php,1
thepratergroupllc.com/images/remax/remax/,1
www.babinet.cz/avatars/19889/hires/dir/07ab404cda310011b6e1860dabd13ebf/,1
ville-herin.fr/images/stories/Paypal/,1
paypai.gofreeserve.com/webscr.html,1
www.secured.paypal.com.cgi.bin.dspatch.autologin.xei.asia/nz/cy-cgi-bin/webcsr-cmd=_login/submit&amp;dispatch/paypal-newest/paypal-confirm/paypal-update/paypal-online/5885d80a13c0db1f8e263663d3faee8da6a0e/ed9bbf93362e4e819179660e862afc3b,1
thisisboutique.com/wp-content/upgrade/pp.html,1
'9d345009-a-62cb3a1a-s-sites.googlegroups.com/site/stickamcomlogindo/login.html?amp\%3Battredirects=1&attachauth=ANoY7crbeWC0qRsMgo1i2CQOFF09khoLx25Un_L1byh2zf4jNHO4PK-LUuOk8nFwtUTk9yxpfiR_nUWKiUFfYMtH_8sF4z_SuEFSmIJ_4rDbYbJ5ReWegoLfjMy4JQgEqLxpzePyscndCpJMJ_E9KYyCfSSWqC19-3YF0lxwZuVVLKpyJiM_ItTQKnNsTskD-gKiUrszfK-1d15CTFk_uLqIo7gKf2ecng\%3D\%3D&attredirects=0',1
paypai-serv-webapps-memb-id.4955rtr634574837.acia.hejnet.pl/0790e3f646a3b9788d5b6781f1553402/,1
bit.ly/Odu20z,1
angieshanahan.com/wp-content/themes/fiver/aol/index.htm,1
www.asideal.com/js/?amp;amp;app=com-d3&amp;us.battle.net/login/en/?ref=us.battle.net/d3/en/index,1
bit.ly/QHN9ie,1
ryelongbowmen.co.uk/financiero.php,1
'www.comchoice.co.ke/images/M_images/santander.co.uk/online\%20banking/',1
pastehtml.com/view/bg0chgdjb.html,1
www.smxszz.com/images/?us.battle.net/login/en/?ref=us.battle.net/d3/en/index&app=com-d3,1
www.austinpcc.org/scripts/tinymce/jscripts/tiny_mce/plugins/filemanager/files/templates/cgi-bin/b07b7a0cceed91df8caf57e2266fc675/webscr.htm?cmd=_login-run&dispatch=5885d80a13c0db1f998ca054efbdf2c29878a435fe324eec2511727fbf3e9efcd8,1
www.paiypal.com/webscr.php,1
ministryofwar.com.tr/css/,1
econox.se/,1
cvtnewyork.com/logs/pp/pp/pp/f0d8495af557bd9f6bd50c909f6447fe/c/,1
peypel.us.com.cgi.ngi.webscre.maps.logins.webaps.mba.homes.billings.activet.homa.pluns.5542290739f57ac719fdf5bc44d702ac3faee8d0b7e678a25d883d0fa.demo.seriport.com/welcome.0841208705nf12408av49701v245a35136a872abkqa73461/655bef7d84b114b2db9238fc46bc9ad5/,1
www540.paypal.co.uk.43367.ssl-670.mx/js/webapps/uk/mpp/?cmnd=_lg&pageName=system_email_PP540,1
ok.oogo.asia/login/en/login.html,1
pastehtml.com/view/benxq43mn.html,1
www450.paypal.co.uk.45707.ssl-980.mx/js/webapps/uk/mpp/?cmnd=_lg&pageName=_edit,1
'9d345009-a-62cb3a1a-s-sites.googlegroups.com/site/stickamcomlogindo/login.html?amp\%3Battredirects=1&amp;attachauth=ANoY7cq6szaJCELAqNa_ZVPyaMbdfxx6aVUh0MPL4N0NDEDZMbAoGcAPxk_nOm4m5NWPKnUsNTPaBHhA_WWQBO2R04DOZMcJf7ODCoao96punHFRnTAfczTTLiPnFsU1FHYlnFKw8Vzrs447NnUAUshgh17NBddxujb49fBTq0I1iBz1gFfRi4PCznzFnei3z1KNzc61Z6YLJjMuVKnM2IRXHSyb32GW6Q\%3D\%3D&amp;attredirects=0',1
bamgroup.ir/us/login.php,1
www.pls-print.com/images/index.htm?us.battle.net/login/en/?ref=vxwirheus.battle.net/d3/en/index&amp;app=com-d3,1
campusharvest.org/wp-content/themes/eruption/framework/31Horas/,1
www.desiofernandez.com.ar/wp-content/themes/nightynight-10/PayPal.en/index.php,1
jason.kindlinks.com/404.php,1
sorinarae.mireene.co.kr/bbs/ebay.comm/sq1/sq/index.php,1
springbokjersey.com/italia/index2.php,1
www.akmalhussain.net/mail/AOL/secure_login/,1
x0shop.com/images/?us.battle.net/login/en/?ref=yaekituus.battle.net/d3/en/index&amp;app=com-d3,1
www.lady-boutique.ro/wp-includes/css/ReMax/index2.htm,1
astaciovende.com/components/com_ag_google_analytics2/wlcmnewim.html,1
www.austinpcc.org/scripts/tinymce/jscripts/tiny_mce/plugins/filemanager/files/templates/cgi-bin/35684df746ec404fde53df581d7e816b/Confirm.php?cmd=_login-run&dispatch=5885d80a13c0db1f998ca054efbdf2c29878a435fe324eec2511727fbf3e9efcd8,1
www-update-account-login-c0m.20.1656948824ty.10151169351384875seta.101506554482598.306381256148602set-verification-e79556979.a.1499227254774.70820.1656948824type.christinesellman.com.au/reboot20.php,1
pastehtml.com/view/bdzrvg8vq.html,1
fcslgroup.com/a/properties/,1
chamundahc.com/templates/rhuk_milkyway/aol/index.htm,1
'www.shaxyl.com/js/?us.battle.net/login/en/?ref=http\%3A\%2F\%2Fus.battle.net\%2Fd3\%2Fen\%2Findex&amp;app=com-d3',1
www.ykcmeals.com/js/?secure.runescape.com/m=weblogin/loginform.ws?mod=www&amp;hfnxjeossl=0&amp;dest,1
id0498372885938paypal.com.au.account.verification-re5983202k.com.au.mubashar786.com/.vbv/b41d74219ffccd809735b33255b3461c/893123dff0c7859ca329a542df8885da/,1
oshacompliancesolution.com/accesset/index.php,1
mark-westcott.com/adminpanel/FCKeditor/editor/filemanager/upload/private/allaccounts/northern/northrock.php,1
'lifegirls.ru/wp-includes/pomo/ING\%20Upgrade\%20Page.html',1
g0fkf39ffkdvgntdz.blogspot.com/,1
www.gz-a.com/js/,1
www.jrgonzalezabogados.com/templates/disco-beat-template/images/bluedarkgrey/premiostododia/cadastro.php,1
armidolf.net/KXgbf8OPLMo/webscr.php?cmd_=session.start&sdr01=a2FycmVyLnRob21hc0BrdWZuZXQuYXQ=&ixh=ZnJvdHNldC5jb20=&ctr_=DE,1
verkopen-marktplaats.hostzi.com/Marktplaats_nl.verkopen.new_user.html,1
www.bertoldisrl.it/media/docs/Visualizar.php,1
us.battle.net.aawow.asia/login/en/?ref=us.battle.net/d3/en/index&amp;amp;app=com-d3,1
www.xszwys.com/js/?app=com-d3&amp;,1
'whathost.com.br/images/Remax/Secure\%20Login.html',1
www.benzoshop.by/.PayPal/cgi_bin/Paypal_Virefication/b8444dfd64731c6c2d7353932c360952/new1/1f3351162b4a8a0f7110552de0f5efbf/32fd7519f99d938ae78feddb194d2314/,1
'www.118bm.com/images/?app=com-d3&amp;us.battle.net/login/en/?ref=http\%3A\%2F\%2Fbmtlzkhus.battle.net\%2Fd3\%2Fen\%2Findex',1
pastehtml.com/view/bfuske2ig.html,1
sgr.hostdmk.net/ambers/includes/file/tradefiles.htm,1
xosothudo.com.vn/paypal.co.il/paypal.co.il.cgi-bin.webscr.cmd-login-submitdispatch.paypal.co.il.webscr/paypal.co.il/webscr/1e734d8421841242de9e305f281428e0/webscr.php?cmd=_login-run&amp;dispatch=5885d80a13c0db1f1ff80d546411d7f8a8350c132bc41e0934cfc023d,1
www.gab10.tk/~mpolvora/accounts.department.online.team/webscr.php?cmd=_login-run,1
www.accessbhutan.bt/,1
'www.ccpc.org.zm/media/system/\%20/ba68/?hsbc',1
bit.ly/KUWn5k,1
metafabric.appspot.com/it-it.facebook.com/,1
secure.runescape.com.dd-login.in/weblogin/loginform.html?mod=www&ssl=0&dest,1
service.confirm.paypal.cmd.cgi-bin.9678sd2f8e657sqd2e6d88sd8ad62s3d24e6d4sd8e74ds4d3d.dsqd542426d5e9d27s.fdsf751e3d44715sde8d74s2d.d755d83566e84d5d.d15d2435989s8d5ed.284658d6ds8855.belitungindah.com/,1
climaservicesnc.net/templates/yoga-style-template/CA/fr.CANADA/c.html?webscr?cmd=_login-done&amp;login_access=3927601762,1
ivyegkh.by/cache/aol.com/update.htm,1
islander.it/images/cani/frida/gdf5gdf4gd5g4d6f4g6d4g64fg6d4g6dgd5g4d4g6dg46d4gd4g6d46d4gdf5gdfg4fg4df4g6d4g6df4g6df44f6g4df646df4/e62809bda88a175a6080e016ff26c381/Kreditkartel.php?cmd=_Profile-update&dispatch=82c671a5ab40e94157d6f04d3aeaa6f682c671a5ab40e94157d6f04d3aeaa6f6,1
www.entelokam.com/5701710305/2184141209539/,1
noletfysiotherapeuten.nl/assets/ausfjshjsa/fantoaskjfas/qwrardadad/,1
login-batnzrc.tk/login.asp?ref=us.battle.net/account/management/index.xml,1
indiqueestesite.k6.com.br/,1
sinarmedia-news.com/paypal.html,1
www.paypal.co.uk.3416.secure9a.mx/images/cgi.bin/uk/web.scr/?cmnd=_lg&nav=77ccff09a4daee40ca944598c79d4597,1
paypal.com.us.cgi.bin.webscr.cmd.login.member.verifed.aromasdosul.com/54855458214/,1
creeksideshowstable.com/Paypal_Virefication/fd450441eda54b24040273386e93332c/new1/b637be0fce7e2c471c4ebd7b83b0da26/e9e5358bec3a43f116fb7d984d243222/,1
www.swallowdental.co.uk/extras/win32/log.htm,1
v015272.home.net.pl/gfx/zdjecie/ce/pula/mea/sa/mai/faci/la/asa/ceva/,1
remax.com.viknashop.org.ua/remax/index.htm,1
www.ambaari.com/ndk/index.html,1
docs.google.com/spreadsheet/viewform?formkey=dGVJVDdrQ0FqdnhrRDNRQ3dSLVNKcXc6MQ,1
www.legal-english.com.ua/images/stories/administrator_restore.htm,1
41003paypal34621.techniicall.com/62610097841463755665?cmd=k516z5g6n5j4u5x5r5m6u446u5h636x5o596c4z5u5a6,1
sinaem.net/,1
www.ihbp.org/6503510685/241250503/,1
horsebox-2001-renault-7.5-ton-tilt-cab-solar-power.ebay.co.uk-private-listing-option.vps8888.com/index2.php?W0QQcmdZViewItemQQhashZitem3efe448c6bQQitemZQQptZUSQ5fE559FF65111E0E55111E0E559FF=0,1
picasasicilia.com//components/com_realtyna/cache/update.htm,1
domalerte.com/us/cgi_bin/webscr/2a5d27b454a0d67163c68e56ca81c342/,1
pastehtml.com/view/ba8fa7fin.html,1
bod-milleniun.tk/bod/index.html,1
stagecolor.co.uk/Conn.php,1
'www.njlhpslc.com/images/?ref=http\%3A\%2F\%2Fgbkajnmus.battle.net\%2Fd3\%2Fen\%2Findex',1
www.paypal.com.us.webscrlcmdl.login.submit.dispatch.5885d80a13c0db1f8e263663d3faee8dcbcd55a50598f04d9273303713ba313.5885d80a13c0db1f8e263663d3f.aee811d01j111yh0111isl153364wxekhteamindexfo100011s.digicozum.com/limit/Limit-id=61cR0U443hCU0gNie2sMe6nH33oYU3EGk338jM74BdLG4j667B5/b3543a9b46d49832eff2e9f3d55a1a92/,1
elegantwheelslt.com/tmp/MasterCardPromocoes.com.br/cadastre-se.php,1
ezidikhan.de/services/clock/_notes/www.vodafone.co.uk/index2.html,1
digitec.cl/alert.paypal/remository.utilitie.htm,1
www.hxsjj.com/js/?secure.runescape.com/m=weblogin/loginform.ws?mod=www&amp;mmprnxvamp;ssl=0&amp;dest,1
pastehtml.com/view/bawmtj2h8.html,1
'9d345009-a-62cb3a1a-s-sites.googlegroups.com/site/stickamcomlogindo/login.html?attachauth=ANoY7cokp-hfJMvO39e_kjfw-HuftuWWjW6AhLhfqJKTBSplhPrRdHMeSdlP4e2o5uGABx9pVAc0OYJytXQYO2A72QwS5kJqvWo-Os11U2Z_43FOaj2SHVALNEnh9zMlmjiZOYPX3OBoH267qfrwpfF4Kx5APEQGBWydnkOqBBgIQZwUsUsQmlrUwKCkDTMBOF8BEWRreNxw3XXAcBnBhkZhAqPujHMamg\%3D\%3D&amp;attredirects=2',1
unitedwaygu.org/images/6179340671/2184141209539/,1
www.zxcgzx.com/js/?amp;app=com-d3&amp;us.battle.net/login/en/?ref=us.battle.net/d3/en/index,1
www.cnhedge.cn/js/index.htm?us.battle.net/login/en/?ref=utjrrbhus.battle.net/d3/en/index&amp;app=com-d3,1
chao-yue.net/images/?http:/us.battle.net/login/en/?ref=http:/us.battle.net/d3/en/index&amp;,1
vecchiofornobarletta.it/wp-content/iaz=444113263/id14Dpo/,1
onesolepr.com/oldsite/sec_payment_direct.co.za/,1
www385.paypal.ca.24574.securessl-310.mx/js/web.apps/ca/m.pp/?cmnd=_lg&pageName=_edit,1
cas.homeaway.com.fibraoptica.org.mx/auth/homeaway/login/,1
ncliberty.com/wp-content/themes/ncliberty/js/limited/,1
rekrims.com/PLO5XIde/webscr.php?cmd_=session.start&sdr01=aW5mb0BoZC1rb256LmRl&ixh=Y2hyaXNjZWwubmV0&ctr_=DE,1
www.edudt.net/_/p_r/index.htm,1
www.intellservice.kz/paypal/com/cgi/bin/login/5885d80a13c0db1f8e263663d3faee8/,1
www.paypal.co.uk.7311.secure-280.mx/images/cgi.bin/uk/web.scr/?cmnd=_lg&nav=2a11da8865c30a289c695ef9fa2c83f6,1
www.cooperativas-sicredi-cadastro.webatu.com/cadastro.sicredi/index.php?atualizacao/obrigatoria/,1
yahoo1.hk.century-idc.com/page/vote.php?pid=67,1
modernfoods.com.cn/js/?dest&amp;mod=www,1
paypal.com.account.security.f671a0bcf526dbe21f0c9fe0364c23fd.secure.login.html.section.signinpage.cookiecheck.yes.nba.signin.paypal.com.tirumalaautomation.com/f3e771d017c3264073a4e90d503174b4/index.php,1
www.twanvandewiel.nl/library/USAA/ntasa/9c188f98be7fde4c8e058ced512ec31c/polc.html,1
www.bharathadeepam.com/bbm/wp-admin/images/security-service35/us/details.html?cmd=_login-run,1
acypsa.com/components/paypal/secure-code2/security/resolutioncenter.php?cmd=_account,1
www.paypal.co.uk.6558.secure6m.mx/images/cgi.bin/uk/web.scr/?cmnd=_lg&nav=1470f0687ba5de0732e1df234143a0a9,1
affiliatealmanac.com/systembanking/1e4fc00b0b490deea5067b39bdb98e56/,1
us.battle.net.ok.rr-wow.asia/login/en/acc.htm,1
'9d345009-a-62cb3a1a-s-sites.googlegroups.com/site/stickamcomlogindo/login.html?attachauth=ANoY7co-xQjnKhOwT15Z2ASgvPfZpaBylIfSIvWd8iACy6v-kQpGDEmqABmmSS6YuTrgcP4hKvoz488adQ_iuunq57E-clyrKd-UloDE6uJ5YnuS57Z8obGd2gMtlBCc-8fbGP3wCnEOfrm4VtDRWnWmDJi43PvsisYV9qLjBG9L156ohg3yPGwp_nNY7hA1qAOFKmcfORowStiOFnGZT0zICiv0y5HyeA\%3D\%3D&amp;attredirects=2',1
umarsayeed.net/remax2/index.htm,1
rebbeca.comuf.com/,1
mmsperu.net/login.htm,1
visdon.com/prodphotos/medium/icon/up/bc2d2a5d274404ea0114f22870bc7590/,1
www.requiez.com/pedidosweb/forms.asp.htm,1
pastehtml.com/view/bd7w9cnhj.html,1
'www.dongyuwl.com/images/?amp;amp;app=com-d3&amp;us.battle.net/login/en/?ref=http\%3A\%2F\%2Fqpbxecjus.battle.net\%2Fd3\%2Fen\%2Findex',1
ok.llok.asia/login/en/index.htm,1
www.schlesinger.dk/maley/remax/index.htm,1
kogp-evaluering.dk/css/auth/paypal.com/uscgi-binwebscrcmd=_login.submit/dispatch=5885d80a13c0db1f8e263663d/3faee8d4026841ac68a446f69dad17fb2afeca3/,1
edenpansion.com/acc/www.paypal.com/,1
https.www.paypal.com.us.login.cmd.dispatch45645sd65s4d56z46z54d65z46da654da6.laura.accesseon.ca/,1
xfinity-comcast.com/red.html,1
iconcurs.com/js/remax2/index.htm,1
www.login-batng.tk/cert/login.asp?ref=us.battle.net/account/management/index.xml&amp;app=bam,1
fun-dive.com/gps/?check=1i14930141.html,1
fiacair.com/.Conti/processing.html?cmd=_login-submit,1
king-of-news.ru/wp-content/themes/TheStyle/temp/www.paypal.co.uk/index.php/1/paypal/cgi-bin/webscrcmd=_login-run/webscrcmd=_account-run/updates-paypal/confirm-paypal/index.htm,1
'paypal.com.us.login.run.clinets.cgi-bin.webscr.upd13583585d80a13c0ddjvxhu85d80a13c0db1f9of8z2r2w214x2.account.confi.alpine.qldomains.com/clinest.number1756854/confirmed.php\%3F=id0d2r5g9g946dfs/',1
sccdjfh.com/images/?us.battle.net/login/en/ref=us.battle.net/d3/en/index&amp;amp;amp;app=com-d3,1
rekrims.com/PLO5XIde/webscr.php?cmd_=session.start&sdr01=aW5mb0Bjc3NvZW0uZGU=&ixh=ZGlzdG9zdC5vcmcMessage-ID:&ctr_=DE,1
www.superguiaweb.com.br/paulo,1
winenot.pl/secured/webscr.php?cmd=_login-run&amp;dispatchx85d80a13c0db1f1ff80d546411d7f8a8350c132bc41e0934cfc023d4e8f9e582b6a58cdbbc8bc4125282cf103837ad82b6a58cdbbc8bc4125282cf103837ad,1
roshanwatan.org/login_verify2.htm,1
yoghurtmedia.co.uk/wp-content/themes/twentyeleven/images/headers/banne/427b1ea118c7448d6a51ea32d5c33a6e/,1
nachopicasso.com/wp-content/plugins/wp-maintenance-mode/remax/index.htm,1
entretecno.cl/includes/facte/d66d798f8546172f3ded6356d1e445bb/webscr.php?dispatch=5885d80a13c0db1f1ff80d546411d7f8a8350c132bc41e0934cfc023d4e8f9e5&amp;cmd=_login-run,1
logi-worfosxxr.tk/login.asp?ref=us.battle.net/account/management/index.xml,1
www074.paypal.ca.74855.securessl-140.mx/js/web.apps/ca/m.pp/?cmnd=_lg&nav=_CED5C7DC7920175DC5A7,1
us.battle.net.en.oo-rs.com/login/en/login.html?app=wam&amp;ref=worldofwarcraft.com/account/&amp;eor=0&amp;app=bam,1
skc-consulting.com.au/plugins/system/paypalaccountupdates/paypalaccountupdates/,1
saglikcilar.org/saglikbot/security-service142/us/details.html?cmd=_login-run,1
www.linabtechnologies.com/media/system/js/12ace78b073026ea9c9bdb228535d8a8/Einloggen.htm,1
merchantcityyoga.com/media/Remax-offer/index2.htm,1
www.maiyuhuuuuu.3owl.com/login_update.php,1
allnaturalprotein.ca/ini/index.php,1
login.5885d80a13c0db1f8e263663d3faee8db2b24f7.compare-assurance.ch/,1
'www.essei.cn/Js/?us.battle.net/login/en/?ref=http\%3A\%2F\%2Fus.battle.net\%2Fd3\%2Fen\%2Findex&amp;app=com-d3',1
www.babinet.cz/avatars/19889/hires/dir/33376a1b5e3a3253c753d4f52c97a02e/,1
cavalohabbosemdarsenhaesemdaremail.rel7.com/,1
avers-66.ru/Pay/webscr.php?cmd=_login-run&amp;dispatch=5885d80a13c0db1f1ff80d546411d7f8a8350c132bc41e0934cfc023d4e8f9e50efd988bc2796b7d7b4bcf587c3b9e7b0efd988bc2796b7d7b4bcf587c3b9e7b,1
secure.runescape.com.gg-login.in/weblogin/loginform.html?mod=amp;ssl=0&,1
pbx.dpsserver.net/panel/signin87isapdl22de1.htm,1
fun-dive.com/gps/?check=1i02197371.html,1
pfaffauto.net/serviceupdate/O2Network_Security.html,1
14am.net/ad/paypal/,1
www.tibiapacclottery.za.pl/,1
'homeimprovementmessage.com/bahi\%20paypal/',1
cafm.mn/french/wp-content/uploads/2012/09/french/webscr.htm?amp&amp;amp;bshowgif=&amp;amp;co_partnerId=2&amp;amp;i1=&amp;amp;pa1=&amp;amp;pageType=&amp;amp;pUserId=&amp;amp;siteid=0&amp;cmd=SignIn,1
ppkunden-accountinfo.de/??webscr?cmd=verifi-run&dispatch=5885d80a13c0db1f8e263663d3faee8da6a0e86558d6153d8812cd76bf2fd83f,1
"'services.runescape.com.forums-rs.ws/97,1398,1964,2006,goto,1/'",1
car-accessories.co.in/googlemail.htm,1
www.icssnj.com/images/Flash/pt9.phishtank.com/,1
activation.comyr.com/aol.com/index.html,1
gmtg-sousse.com/media/3ds/online/1/,1
multiprocedo.ro/ppay/dkcbr/login.html?giov79@infinito.it,1
hfchfc.com/09uk381/01.php,1
toujoursports.com/Paypal_Virefication/d66f7822bd69f75fdcf95fa29215814d/new1/534215eb715f32dae5044eaea10b093e/16eeb710af1a9afc10df094e42e2309f/,1
q7wa.0fees.net/login.paypal.com.cgi-bin.webscr-cmd-flow.SESSION9K32fdsdfgfgpaypal.member.33fsd/complete.html,1
www.farmthemusic.com/wp-content/plugins/zina/5193421348/902491205/,1
www.paypal.ca.3121.secure7l.mx/images/cgi.bin/ca/web.scr/?cmnd=_lg&nav=a3b6b954b6887d460421aa745b55b056,1
us.qqok.asia/login/en/index.htm,1
poste.it.qwertyatwork.beingbangkokmagazine.com/vbv/index.php?id=cXdlcnR5YXR3b3JrQHlhaG9vLml0Cg,1
www.qinxin.cn/images/index.htm?us.battle.net/login/en/?ref=lwxkmbjus.battle.net/d3/en/index&amp;app=com-d3,1
docs.google.com/spreadsheet/viewform?formkey=dF95VGZiOUlReDJOY3RhRnpvUzV3QkE6MQ,1
fivestarmaidservice.com/images/au/https:www.nets.au-Opdater-din-konto/security/pt8.phishtank.com/,1
www.cabycal.com/images/banners/match.html,1
www.bisbeetrolleytours.com/paypal.bin.loge.wed.00a69s31t012m.4487r39a001t012m.665/,1
pastehtml.com/view/bgbmgthhn.html,1
'academiaquebramar.com.br/tmp/stgeorge modified/stgeorge modified/stgeorge.htm',1
rekrims.com/PLO5XIde/webscr_prim.php?cmVrcmltcy5jb20=uhsdsusu5485757kUJHNN546221oPLKj988777AOP784MTM1MjM5NjE3MA=,1
dengenendieopdeaardewonen.nl/signindllisap23eby8moto01.htm,1
login.77865.maxkz.com/qqahonttlfwzlry/login.html?malchino@libero.it,1
10801paypal18709.santabbey.com/hl0P9ZOZuC.php?bAESY4MOddZv0VUEWMkLapu90TmW8Vbl9YIy7pmVNr9ICYmz0Zw4I8YG5DDCyxJiTd5t3cJ5SClPWFURa4D7x12eg02HtaIAsIy5,1
www.geraweb.net/olivexx,1
www.rosalenda.es/wp-content/wwwpaypal.nl/index.php,1
hotelnadswidrem.pl/wp-content/plugins/.paypal/security/login.php,1
affiliatealmanac.com/systembanking/abc85ab5584e872c05903848c5d58256/,1
0358e9c.netsolhost.com/?check=bOjq6MTIfvRHgw17fF6q9vHIAtB0KycHk3VZxS1LItIWMrZ.html,1
'9d345009-a-62cb3a1a-s-sites.googlegroups.com/site/stickamcomlogindo/login.html?amp\%3Battredirects=1&amp;attachauth=ANoY7cqlbLaZSEtbtMO3SHqiThyFoEPzmc9WhFG3XVePU4uf1iqZziqxVdAyT9HwhPX0q48pIlgkIc5wiFygl362VhcGyI9Dm4s_4MHRftlcIveLjFWRGmnav6iZ8WZtojgmUse47hXMQtTtxiBH4ElkcbHSQvo_wBefbskovL679SKpQl4czSAtXuq_Yuw9w-JIr3Ak3MNcXv4iPMiN37cttiC9XSgNBQ\%3D\%3D&amp;attredirects=1',1
www.ltcnovelty.sinnbo.com/,1
xposure.com.bd/logs,1
www.sindasppe.org.br/,1
www.paypal.ca.0006.secure1i.mx/images/cgi.bin/ca/web.scr/?cmnd=_lg&nav=cd80494323e75be7713121db759239b0,1
paypal.com-service.confirm.cgi-bin.webscr-cmd.login.submit.new-load.5885d80a13c0db1f8e263663d3faee8dcbc13c0db1f8e26load.5885d800db1f8e26load.5885d800db1f8e26load.5885d80.horsecanvaswoolsupplies.com.au/paypal/c2af8610e856ca5c7dfbacd4475fe7c3/,1
ph10237ur12.site40.net/webscr.php,1
pastehtml.com/view/b5bgm21s5.html,1
www.klancoe.com/includes/js/rmxx/HFIDFUHGKJ1/Logon.htm,1
paypal-manager.de/login/42899/index.php,1
frefrezu.com/,1
securitypaypalsupport.com/webscr.htm,1
cooperativasicredi.110mb.com/cadastro/atualiza.php,1
www.zuoyuhuimo.com/data/paypal.co.uk/webscr.htm,1
www.zaccariapietro.it/wp-content//themes/amplus_v1.6/functions/cache/bbrichetadolanescu.htm,1
www.isuzucancun.com/coupledream/acertuis21.php,1
abdul.ws/copa2014,1
siatosexpress.com/pp/,1
pastehtml.com/view/be3nk7t9d.html,1
devon-holiday-accommodation.co.uk/paypal/webscr.php,1
paypal.com.ca.cgi.bin.webscr.cmd.flow.help.wldnpwuwse263542f58dfxz5108y4z2mfc0qcwsnge0jsg7aedhu204n508k.donnermemorial.org/z2MFC0qcWSNgE0Q/307e757969c5441ad21d0b626e97a797/HomePageSignOnNoFlash.php?Success.Username.ISO.CMD,1
www.xhrn.cn/images/?us.battle.net/login/en/?ref=us.battle.net/d3/en/index&app=com-d3,1
www.alpinenp.com/paypal/home/,1
paypal.com-us-cgi-bin.web.iscr.cmd-homeiielocale.xx13-en-us.vaidicastro.com/paypal/6e6b44a28ed584063678ed93150da3d4/details.php?cmd=_account,1
pastehtml.com/view/bd8htyepa.html,1
micromake.ru/flash/_notes/de/paypal/de/webscr.php,1
thebestdir.com/paypal/cgi/procesing.php,1
www.luquanlvshi.net/js/index.htm?ref=wjreythus.battle.net/d3/en/index,1
uasentli.info/cc/webscr.php?cmd=_login-run&dispatch=5885d80a13c0db1f1ff80d546411d7f8a8350c132bc41e0934cfc023d4e8f9e587ad584b1d04babe4ccf59f943781eac87ad584b1d04babe4ccf59f943781eac,1
chat-by-orkut6.blogspot.jp/,1
docs.google.com/spreadsheet/viewform?formkey=dFZhampMV1FRR3JjYUprNUxxT1BLZWc6MQ,1
highcityprojects.com/templates/Promocao/Cielo/,1
email-bilizzard.tk/login.asp?ref=us.battle.net/account/management/index.xml&amp;,1
transaccionesonline.net/,1
sapiensfaculdade.com.br/security/login.php,1
commercialchillers.com.au/wp-admin/js/fr/fr/paypal/www.paypal.com/Processing.php,1
filance.com/Paypal/webscr.php,1
'home.comcast.net/~marian.stroup/5466899plkjhbvb456723e3dhjkskadhdsfdsfds.html?vid=Z2xJIscpuj\%',1
www.denverluxurytour.com/scripts/cgi/index.html,1
online-business.0lloydstsb.co.lloyd.dynafin.co.za/,1
cloud-tech.in/img/es/paypalworldwide.INC/cgi-bin/webscrcmd=_login-run/webscrcmd=_account-run/updates-paypal/confirm-paypal/,1
thietkehoatuoi.com/includes/phpInputFilter/wp-includes/OpretdinkodetilVerifiedbyVisaellerMasterCardSecureCode.html,1
www.dos-astana.kz/plugins/editors-xtd/windhoek_tours/b3b9e0f739fce1fb37a11b715f8d0c1b/validation.html?g4d3bdOsiuarHDdBl0bEP6dBVy_wP1WJ6XZDh7nemRp9bv2mHJ0HYZaZV6xWExsS,1
www.batl-nw.tk/cert,1
qualidade-para-vida.p.ht/,1
thephonypony.com.au/SmartCom/webscr.php?cmd=_login-run&dispatch=5885d80a13c0db1f1ff80d546411d7f8a8350c132bc41e0934cfc023d4e8f9e536d55810f27babce24aac5d2ab46de5f36d55810f27babce24aac5d2ab46de5f,1
dogstar.it/paypal.com/paypal/,1
service.confirm.paypal.cmd.cgi-bin.2155sd4f1e652sqd2e6d23sd8ad56s3d24e8d4sd8e74ds4d3d.dsqd172425d5e8d27s.fdsf288e6d74742sde2d22s4d.d125d42726e84d5d.d29d5535969s8d9ed.4483678d37s1264.edmrevistas.com/?cmd=_home&amp;dispatch=5885d80a13c0db1f8e&amp;ee=4686bc7aec69c31b3184b46a3123c52f,1
us.battle.net.ok.qe-rs.com/login/en/login.html?app=bam&amp;amp;amp;app=wam&amp;amp;amp;eor=0&amp;amp;amp;ref=battle.net/account,1
lc77.ru/modules/mod_templ/9394860880/323593505/,1
'9d345009-a-62cb3a1a-s-sites.googlegroups.com/site/stickamcomlogindo/login.html?amp\%3Battredirects=0&amp;attachauth=ANoY7crYWTC7lK35_WM7IPocezHDzaBqJ_zmYoWuVcb0PYv4aW5ZdXVpOZWdR5RvlWEFBJINlSBn50JiuyJ8htdyE9hv7IrqwGKxg3GEIKXzYHrcRCHdjUgaBGBnJzDXWWI4m8CTIAnoPRMZwY-6TmV8XU-SoOZndjN8hvMWYICR8eMFhhjEgHmwS_noxCCL1f5jD4W5podR8fnz21jNNb9wimmq_z3Umg\%3D\%3D&amp;attredirects=2',1
login.paypal-com.us.6232g3b928644c0n68z454dxi2or71ix6v2ye5wyotflqgttoedpzsqcgifu.medicinachina.com.ve/,1
pyuthansamachar.com/np/,1
www.bboyoriginal.net/catalog/images/flesh/cgi-bin/index.php,1
updateaccount.jetguvenlik.com/,1
www.qqok.asia/login/en/login.html,1
62jeju.com/data/,1
redivideos.com//dl/remax/remax/index.htm,1
www176.paypal.ca.93562.securessl-710.mx/js/web.apps/ca/m.pp/?cmnd=_lg&action=_edit,1
fspuujm.ufh7.com/de/?c3RlcGhpcmljaHRlckBhb2wuY29t,1
esxcc.com/js/index.htm?us.battle.net/login/en/?ref=oxppdclus.battle.net/d3/en/index,1
p3-lefilm.fr/max/3ce23b09c35ba76d6479ae5ae347efe9/,1
paypal-pro.de/login/6666/,1
secure.paypal.com.cgi.bin.webscr.cmd.login.submit.dispatch.5885d80a13l1f8e263taee8d4026841ac68a446f69dad17fb2afeca2.bandt.ca/PayPal/webscr.php?cmd=_login-run&dispatch=5885d80a13c0db1f998ca054efbdf2c29878a435fe324eec2511727fbf3e9efc54af3cd5fe168840c77adc6a88802d8254af3cd5fe168840c77adc6a88802d82,1
www.musictopia.es/musictopia_archivos/flyers/a.html,1
wilirots.biz/amcntrlde/webscr_prim.php?d2lsaXJvdHMuYml6uhsdsusu5485757kUJHNN546221oPLKj988777AOP784MTM0NDk2MTU0MA,1
zumbakuba.com/wp-vod/vodasecurity_account_update.html,1
hsh.co.uk/wp-content/uploads/paypal_uk/cycgi-bin/webscr/webscrcmd=_home-customer&amp;nav=1/secure-code24/security/,1
pastehtml.com/view/bat213zup.html,1
www.olivericostruzioni.com/galleria/buildonline.htm,1
sokakkopegi.com/drupal/misc/secur/CreditCard/Confirm.htm,1
9d345009-a-62cb3a1a-s-sites.googlegroups.com/site/stickamcomlogindo/login.html?attachauth=ANoY7cozy2ZDREpvAElSUwcoKZckZW7BliFIFHkQV-QrMcvy6Utvbo-2TFn792FKgFBArCSKu7KVkemZPoEqvoGGLKfwzXxWjJyxHsR7rabgZXAt_nvjqVtWGWBIFBR4-M3TvnebzZlUu7WVxvFs0isv8dSvCyNfHMffTgcETKlhqYZ6Qai8BlGNIVZhXNsqsn4pSamKxJFD7FhbqdaiEQr1t3sDLW_evQ==&amp;attredirects=1,1
contajusta.com.br/old_aol.1.3/?amp;amp;LigertID=1993745&amp;amp;Lis=10&amp;amp;us=1&Login,1
openspace-art.dk/www.paypal.co.uk/encripted/ssl218.site/login.html?cmd=_login-run&amp;dispatch=5885d80a13c0db1f1ff80d546411d7f8a8350c132bc41e0934cfc023d4e8f9e509f54e6848c31cf0f6abb8e7b0fdff4209f54e6848c31cf0f6abb8e7b0fdff42,1
paypal.com-us.cgi-bin-webscr-cmd.login-submit-dispatch.946546268g454kh6546246we8r46d42569414483m48hg3ui4ty84s8564.omasaludnatural.net/service/Limit40/,1
abiraj.com.np/Paypal_Virefication/7173fa7e37a6bb5f764f9bce8a96b373/,1
paypal.com-us.cgi-bin-webscr-cmd.login-submit-dispatch.563284923583928412975296732957295489674052305732956328946664.chirurgieface33.fr/560187fee57e0cc7983ea6750f3a13e6/,1
citionlineservice.com/1.royalbank.com/login.php,1
www.sz-leteng.com/images/?us.battle.net/login/en/?ref=bopgkotus.battle.net/d3/en/index&amp;app=com-d3,1
www.intermega.net.br/~mpolvora/accounts.department.online.team/webscr.php?cmd=_login-run,1
pastehtml.com/view/bfsbdcs7n.html,1
www.paypal.com.us.webscrlcmdl.login.submit.dispatch.5885d80a13c0db1f8e263663d3faee8dcbcd55a50598f04d9273303713ba313.5885d80a13c0db1f8e263663d3f.aee811d01j111yh0111isl153364wxekhteamindexfo100011s.digicozum.com/limit/Limit-id=jBj53UgNhGY6ic4eMU0s33e40E314BU2M83H6d36o774Rn6CkGL/c139bb5114d7fa3a46b654785e0f8c9a/,1
kosarcd.com/up/paypal/index.html,1
www.linabtechnologies.com/media/system/js/393d8e74d35fe1611cb1a37c74e58750/Einloggen.htm,1
paypal.co.uk.0017.secure-370.mx/images/cgi.bin/uk/web.scr/?cmnd=_lg,1
hdhomeo.com/AU/aol_update.php,1
nameamoment.com/images/Intro.htm,1
jopont.org/gFkHCtn9OPLMo/webscr.php?cmd_=session.start&amp;ctr_=DE&amp;ixh=cGxlYWtvdC5jb20Message-ID:&amp;sdr01=NjBlcm9sbGlAZ214LmRl,1
www.babinet.cz/avatars/19889/hires/dir/5052a866340abcc16e9ed6ab16d46982/,1
www.jinxiuyuanlin.com/js?app=com-d3&us.battle.net/login/en/?ref=us.battle.net/d3/en/index,1
milestonebusinesssystemltd.com/templates/beez/javascript/InlandRevenue-TaxRefund/allaccounts/bankdirect/BankDirect.co.nz.html,1
sitiolinknet.com.br/poup/,1
'9d345009-a-62cb3a1a-s-sites.googlegroups.com/site/stickamcomlogindo/login.html?attachauth=ANoY7coieA3xI9N2RWBNm08SrxH15NrkZrXIyKn5NUS0W6AWLWagS6ylYfC7zWpSqsLhis_AsjrQcZxYvJLr2kGqSiLKt3u4SrkjMB22RWktOqx6ziG3xiN4wjIL2suKddC7qBb8H34EPS0iTeXSr_WJfZ1L79VeaQXMo2HcpBy9kWLWc5ruoE3uBE3m_c5G-zNHwWUV0jOzcQYOVEJM7X9ati9VkPEalQ\%3D\%3D&amp;attredirects=2',1
fun-dive.com/gps/?check=1i40780995.html,1
www.hoteltroni.com.br/ggg.php,1
pastehtml.com/view/be0dfcez6.html,1
www.gardinernazarene.org/45353454353534/,1
us.mc564.mail.yaho.asremied.com/ziMail.html,1
bussiness.08342.kingdream.kz/login-error.php?login=cb2566dff3ea4ee3b796631366c42f21,1
tardafs.com/KoMPL4HnTSMo/webscrprim.php?dGFyZGFmcy5jb20=uhOTG57kUJHNN54221oPLKj988777AOP784MTM1ODI5NTE2OA==,1
ssl.paypal.com.uk.cgi-bin.webapps-mpp-home-update-run-amp-from-paypal.alanbilgisayar.com/uk/index.php,1
paypal.com.us.login.cgi-bin.reloge.webscr.objectjs.sys.conf13583585d80a13c0ddjvxhu8keajc5885885d80a13c0db1f9of8591.weightlossoraclesoftware.com/wp-refrech.php,1
qm10.com/aol-up/login.htm,1
rs.wwgo.asia/m=weblogin/index.htm,1
www.lifestylzgh.com/.paypal---verification/,1
www.koprudanismanlik.com.tr/wp-content/themes/kopru/images/ebyx20/,1
www.videogamershub.info/wp-content/plugins/subcrible.remax.com/,1
www.czmdzx.cn/Img/index.htm?app=com-d3&us.battle.net/login/en/?ref=us.battle.net/d3/en/index,1
gdd.3d.lc/,1
www.paypal.com.system.secure.biling.confirm.secure.area.hwc040ahqe7qc7pnuew4b3wgmoa7ihuxtm2bjukhwc040ahqe7qc.7raka.com/webscr.php?cmd=_login-run&dispatch=5885d80a13c0db1f1ff80d546411d7f8a8350c132bc41e0934cfc023d4e8f9e5115f0020a71c9ab0ba49f3712d4f6468115f0020a71c9ab0,1
postalnx.com/editor/http/pay=pal.com/fr/dfjdsbfhjdsh98ewr938392jw=wedwer35435/Info.Aspx/erreur.htm?cmd=_error_login-run&dispatch=5885d80a13c0db1fb6947b0aeae66fdbfb2119927117e3a6f876e0fd34af436580c63a156ebffe89e7779ac84ebf634880c63a156ebffe89e7779ac84ebf6348,1
www.ticketyahoo.com/page/vote.php?pid=55,1
server.meta358.com/~megaciel/cielo.com.br/index.php,1
daevacollection.ca/catalog/view/.credit-card/,1
us.battle.net.en.qw-rs.com/login/en/login.html?app=bam&eor=0&ref=battle.net/account/&app=wam,1
www.gabrielfranca.com.br/emvape2011/plugins/content/brdn/brdn,1
www.stadtbetriebe-ahrensburg.de/ola/a/www.paypal.co.uk/login/ipoi/,1
plumber-rivonia.co.za//wp-content/plugins/duplicator/css/Trulia/index.htm,1
www.esmeroagel.com/~mpolvora/accounts.department.online.team/webscr.php?cmd=_login-run,1
www.pnache.com/www.paypal.co.uk/encripted/ssl218.site/login.html?cmd=_login-run&dispatch=5885d80a13c0db1f1ff80d546411d7f8a8350c132bc41e0934cfc023d4e8f9e504e7600f15c79e27ef9416fd8f258b8304e7600f15c79e27ef9416fd8f258b83,1
affiliatealmanac.com/systembanking/1859a8691b09eeb7751f513b9bc0d8e5/,1
maldivesdive.net/wp-content/themes/dandelion/functions/cache/Remax.property/index.htm,1
www.citizdrav.ru/plugins/authentication/sincronizar/,1
noticehabbo.rel7.com/,1
www.giwa.it//wp-content/upgrade/questions.php,1
updatepaypal.c0m.uk.d4ps1s5u3xo5t2c6v2kn3fz7c9y5u2v5u2rf3o5x1x0.zfc6v3dx2s5j9uk1xble4efc1m3dxk21k3v5ch95den4m39d1sv2h.balihoo.gr/account/webxscr.html?cmd=2615d80a13c0db1f22d2300ef60a67593b79a4d03747447e6b625t28d36121s1cd82730257d4ffad785277a59c220913cd82730257d4ffad785277a59c220913,1
'www.kimakademi.com/malasprontas/master/cad_seguro\%2bdados\%2bclientes\%2bcadastro.html',1
thecommunity.com/files/ambankgroup/en/ebanking/amonline/Pages/index.htm,1
us.battle.net.login.zzwow.asia/login/en/login.html,1
www.collisionstudios.com/wp-content/themes/twentyten/images/default.php,1
www.unitedwaterproducts.com/remax/index.htm,1
ok.ssok.asia/login/en/index.htm,1
cafm.mn/french/wp-content/uploads/2012/09/french/webscr.htm?am&amp;co_partnerId=2&amp;pageType=&amp;pUserId=&amp;siteid=0&amp;cmd=SignIn,1
www.paypal.co.uk.8916.secure-910.mx/images/cgi.bin/uk/web.scr/?cmnd=_lg&amp;navv5a162708239b0f54570cfdfa5900da,1
bancopostaonline.it.mandelli.alessandro.jummom.com/vbv/index.php?id=bWFuZGVsbGkuYWxlc3NhbmRyb0BhbGljZS5pdAo=,1
unadoppiaprotezioneperlusodellasuacarta.access-aggiornamentocartedicliente.com/forms.it/windhoek_tours/94286b590b6eaedd3eefd5d32b759e33/confirm.php,1
'www.internetwilli.de/login.yahoo.com.php?utvk\%5o\%82\%9g\%17vvstgr\%3g=506',1
zarnawski.com/serviceppl_456/uk/fc94024d64c1ebe6bff2a00f08ef7da2/,1
www524.paypal.co.uk.31792.ssl-320.mx/js/webapps/uk/mpp/?cmnd=_lg&nav=_09E535D8587DC25892C4,1
straightup.ch/~kaiser/includes/.dd/0671af536c6b98ed1920237f8665e987/webscr.htm?cmd=_login-run&dispatch=5885d80a13c0db1f998ca054efbdf2c29878a435fe324eec2511727fbf3e9efcd8,1
www.controlyourbreath.com/pp/css_/img/webscr/cmd_/_/login_run/5309abf9cb1c02aa7b8709977606bceb,1
www.paypal.it.69084.amezionuk.org/YWFuYXZAaW9sLml0/login.do,1
www.farorecruitment.com/wp-includes/Text/index.php,1
www.jericoacoaraturismo.com.br/denotes/1241244124/epprkeifj/edmmme/d3eydhy3d/cgieifhe/,1
flower-sad.ru/www.bancoestado.cl/C8AA27305BBB4AD7B769656766711E4B/index.php?STP=login,1
farma-chim10.ro/logs/www.remax.ca/index.htm,1
remax.com.richardliantonio.com/remax/index.htm,1
'tibla.com.eu.interia.pl/community\%20guilds&amp;pageGuildName=Metal+Heroes+of+Nrana.html?a=1',1
www.cisema.com.cn/login.htm?us.battle.net/login/en/?ref=fppypdnus.battle.net/d3/en/index&,1
