url,label
pgbb.dyndns.org,0
libyaninvestment.com,0
athyrabunlord.tumblr.com,0
harmony.ie,0
big4umovies.net,0
skynetwork.com.br,0
peterlinden.live,0
triumemba.org,0
lapolicegear.com,0
peoplesweather.com,0
puls.edu.pl,0
mymummy.ru,0
lifestyler.co.kr,0
tsukui-sunshine.net,0
laravel.gen.tr,0
quizzdedicat.com,0
parnuxi.net,0
sm-langzeiterziehungen.com,0
uca.org.au,0
real-invest.co.il,0
gsthelplineindia.com,0
tnspb.ru,0
jscreenfix.com,0
webciencia.com,0
cannarecruiter.com,0
aclandanatomy.com,0
shuttleexpress.com,0
fpa.su,0
chinafix.com.cn,0
pnai.org,0
veggie-jobs.de,0
veporn.net,0
militaryarticle.ru,0
beast-video-zone.com,0
readingholic.org,0
moadinet.ir,0
shimokura-gakki.com,0
rtbhouse.com,0
zibasazi.ir,0
hp-html.jp,0
lailai-web.com,0
liangchan.net,0
subtitulando.com.ar,0
rosmedlib.ru,0
swan.sk,0
folkstar.pl,0
thefifthcollection.com,0
microbiologyinpictures.com,0
vivementleski.com,0
vagparts.ru,0
studiocasa.it,0
socialdara.com,0
gazettelive.co.uk,0
kom.club,0
decoris.pl,0
himanashi-pso2.xyz,0
magic.ir,0
vodacom.co.tz,0
educandoseubolso.blog.br,0
figurex.net,0
ksss.se,0
cliomovies.com,0
moolahspot.com,0
coastal24.com,0
lovessa.com,0
sunday-webry.com,0
timesbulletin.com,0
ktrr.info,0
doc.gov,0
html-color.org,0
indiatv.ru,0
foxhead.com.br,0
ostro.org,0
wivb.com,0
ifomopress.com,0
itatonline.org,0
cannado.nl,0
selbstverteidigung-kurs.de,0
hexadrive.jp,0
ritehosting.com,0
thenorthamericanguitar.com,0
anvato.net,0
buffalojeans.com,0
phosphosite.org,0
edu-candoconstruindosaber.blogspot.com.br,0
hostlife.net,0
electroandi.ru,0
catrentalstore.com,0
datrecorders.co.uk,0
lacanausurfinfo.com,0
429006.com,0
rapperxxx19.blogspot.com,0
kellytarltons.co.nz,0
alogvinov.com,0
dressupforeid.com,0
onemanga.com,0
israelvalley.com,0
metaphysics-knowledge.com,0
rechercheenquete.com,0
attractiveworld.com,0
topbestgames.com,0
av-btc.be,0
skinarena.com,0
ausl.pc.it,0
webmaster-rank.info,0
alltransistors.com,0
sat12.net,0
ivur.co,0
topmodels.com.tr,0
elektronikinfo.de,0
commoncurriculum.com,0
swiftqueue.com,0
jollytech.com,0
simplypaving.com,0
liberal.hr,0
tonybianco.com,0
amigasaludable.net,0
syokuren.co.jp,0
cyberplanetsoft.com,0
produc.codes,0
seocho.go.kr,0
misswhoo.com,0
twinkcycling.wordpress.com,0
senior-pomidor.com.ua,0
menexpert.de,0
keypublishing.com,0
fundsmith.co.uk,0
brindilles.fr,0
1xbetbk5.com,0
fuckcf.cf,0
brilliant-tutorials.com,0
msjc.edu,0
elitelistbuilding.co,0
gogodutch.com,0
mysilentteam.com,0
27coupons.com,0
pantheon.org,0
racefactorygaming.com,0
tanbooks.com,0
gotvarstvo.bg,0
berkeley-review.com,0
world-torrents.com,0
classiccinemas.com,0
earnfreebitcoins.com,0
yangsheng.com,0
xural.com,0
american.edu,0
shakk.com,0
bauch.de,0
webutils.pl,0
mair-mair.com,0
ratemynaughty.com,0
bayareakidfun.com,0
ravazadeh.blogfa.com,0
cntplay.com,0
maqedoniashqiptare.com,0
weathernationtv.com,0
mytedata.net,0
myincestblog99.tumblr.com,0
1688music.com,0
thebigandbetterupdating.website,0
chiba.lg.jp,0
world-action.net,0
88dan.com,0
auch-tourisme.com,0
decisivecover.space,0
kazgik.ru,0
rebateaccess.com,0
filmo-grad.net,0
taiwanese-secrets.com,0
tofus.fr,0
gcast.com.au,0
earn2.ir,0
stpaulsschool.org.uk,0
beoplayer.org.cn,0
sthelenswindows.com,0
afrox.co.za,0
porno-video.biz,0
24seven.pk,0
wegenwiki.nl,0
optotek.com.cn,0
freesoft.org,0
republicworld.com,0
mpie.de,0
zavtrasvadba.ru,0
tjac.edu.cn,0
yourcoach.be,0
zumporno.com,0
pornvideosbest.com,0
3beavers.com,0
freudige-nachricht.de,0
jinbi5.com,0
planetdvdrip.top,0
sganalytics.com,0
radarlisboa.fm,0
stemartslab.com,0
bataljonen.no,0
sueakhao.com,0
push-ad.com,0
htcdev.com,0
cnkang.com,0
socialistworker.org,0
bag-fashion.com,0
monash.edu.my,0
kotsms.com.tw,0
roleoffers.biz,0
18teenieshub.com,0
donorperfect.net,0
dizainall.com,0
nicoclub.com,0
jasperactive.com,0
nursetheory.com,0
farmdirect.ru,0
namamame.jp,0
teens-undressed.com,0
goteborgenergi.se,0
punti-vendita.com,0
diendanbepdientu.com,0
secretnight.co.kr,0
fiatauto.com,0
szegedklima.hu,0
businessinnovatorsradio.com,0
forcedxxxsexpornvideos.com,0
sempre-audio.at,0
webbedtech.net,0
arnaques-infos.org,0
asci.org.in,0
worldactuality.com,0
primy.tmall.com,0
thiruttuvcd.top,0
strike-mvmnt.com,0
zakoniros.ru,0
ezymt2.eu,0
ktbsonline.com,0
loreweaver-universe.tumblr.com,0
newsflicks.com,0
the-joy-factory-3.myshopify.com,0
bookmytrainings.com,0
globalsoftwareinc.com,0
eshukan.com,0
diabeticcorner.com,0
carpetkala.com,0
fujiyama5.jp,0
mizutani-tax.biz,0
nmk2.co.in,0
sarugbymag.co.za,0
gocolgateraiders.com,0
singhagiri.lk,0
gadismelayustimm-3gp.blogspot.my,0
sabonclick.com,0
webhosting.deals,0
wikivorce.com,0
parts-express.com,0
aquilenet.fr,0
desixnxx.in,0
koorapress.com,0
chircoestore.com,0
uksacb.org,0
siyangroulu.com,0
anzousa.com,0
dushadevushki.club,0
fjallraven.cn,0
jpaa.or.jp,0
carcareproducts.com.au,0
0916sky.cn,0
nikkifatalecd.tumblr.com,0
heroaddicts.com,0
mobiles24.com,0
saudeemmovimento.com.br,0
nhlsuomi.com,0
sonifex.co.uk,0
baixarpremium.net,0
argentop2p.net,0
pobierz.biz,0
aventurescu.ro,0
vvvv12.com,0
securityweek.com,0
makepo.jp,0
chinaclear.cn,0
meilibo.net,0
cqggzy.com,0
mujeraldia.com,0
allxxxpictures.com,0
toyota-kai.or.jp,0
givealittle.co.nz,0
brainfriendonline.com,0
unionvgf.com,0
avclipx.com,0
golden-orda.ru,0
chinalink.com.br,0
dukkanacmak.com,0
ohlins.com,0
moornan.ir,0
butunoyunlar.org,0
trakkulup.net,0
educationbhaskar.com,0
dedns.cn,0
maks-1.com,0
evajunie.com,0
hossa.gda.pl,0
loma.org,0
greensock.com,0
valortop.com,0
buyusedengine.com,0
accenturefederal.com,0
android.es,0
fresh-rp.ru,0
codeitup.com,0
mylabcorp.com,0
eduniversal-ranking.com,0
placedestendances.com,0
wnyjobs.com,0
marylandzoo.org,0
bracu.ac.bd,0
boxjourney.com,0
spicycelebritynews.com,0
rankin9.com,0
tollgroup.com,0
caodangytehanoi.edu.vn,0
helpified.com,0
e-libros.top,0
skinnypoints.com,0
againtv.net,0
undies.com,0
masgnus.com,0
obmennik.ru,0
mp3urbano.com,0
kasumi.ru,0
dog.bg,0
laopiniondealmeria.com,0
33trafficbaike.top,0
redbull.tv,0
mathswhiz.com.au,0
slimbeheer.nl,0
hkhairsalon.com,0
galleryoclock.co.kr,0
ngz.net,0
funix.org,0
id-mebel.ru,0
shopbicyclecards.com,0
kheilisabz.com,0
inha.uz,0
ucicssa.org,0
rainbowserpent.net,0
reihancarpet.com,0
v70r.com,0
airlines-inform.com,0
luxbet24.com,0
eyezen.jp,0
steamlevelcalculator.com,0
guidepointglobal.com,0
doctical.com,0
seat.se,0
thegeekinthecorner.wordpress.com,0
pomades.com,0
goldcoastrealty-chicago.com,0
hfbk-hamburg.de,0
nationalgallery.co.uk,0
zodiac.nl,0
bicyclenews.co.kr,0
restonnow.com,0
lahutiye.com,0
cruisenh.com,0
lacunaradar.com,0
qualitaets-gebrauchtwagen.de,0
ugbase.eu,0
tescobank.com,0
magnetismsolutions.com,0
sample-cube.com,0
adidas.com.vn,0
16personalities.com,0
chinamobile.com,0
filesenzu.com,0
ssidisplays.com,0
resklad.biz,0
processmypayroll.com,0
westside.co.jp,0
flipscript.com,0
hotiloka.pro,0
eslinsider.com,0
post-tracker.info,0
debtpaypro.com,0
aic.gob.ar,0
glossybox.co.uk,0
dragonballpunch.com,0
aiuniv.edu,0
concertwith.me,0
gratispornocasero.com,0
moolah.life,0
rngmfg.xyz,0
bingchengsm.tmall.com,0
shopirani.ir,0
barasa88888-animegame-blog96.com,0
cqcb.com,0
kaimi.io,0
planetworld.co.za,0
sandero.ru,0
hetq.am,0
season.ru,0
bouygues.com,0
allofbach.com,0
zu.edu.eg,0
recommendmeabook.com,0
everydaylookup.com,0
choi3x.net,0
fchdl.com,0
dumage.com,0
farrahicarpet.com,0
wikirby.com,0
ncnewsonline.com,0
malopolskiekoleje.pl,0
syncedtool.com,0
originalmarines.com,0
vapormania.gr,0
incestgames.net,0
gsmserver.es,0
matektanarok.hu,0
pikchyriki.ru,0
verykids.cn,0
compliance4all.com,0
forofantasiasmiguel.com,0
sexygirlsporntube.net,0
greenclimate.fund,0
haberasi.com,0
eurocallingcards.com,0
koooonsoft.jp,0
motowhere.com,0
quizthrills.com,0
ukchinese.com,0
oboi-3d.ru,0
abchome.com,0
eldia.es,0
rbc.ua,0
21block.co.kr,0
coagul.org,0
mydreamfuck.com,0
unit-film.org,0
pagepluscellular.com,0
beletag.com,0
tweedmainstreet.com,0
forsake.com,0
citychiconline.com,0
meta.vn,0
henheaven.co.uk,0
losmoncionero.com,0
eagle.mn,0
ypard.net,0
elektrykapradnietyka.com,0
hemanual.org,0
globalssh.net,0
whois.ai,0
fpabramo.org.br,0
kuaiyilicai.com,0
mijazztel.com,0
academiadopsicologo.com.br,0
kata-bags.com,0
ontariocourts.ca,0
astro7.ru,0
patersontimes.com,0
drytech.com.tw,0
inspireli.com,0
yezdo.com,0
r7.org.ru,0
statickidz.com,0
sejutalagu.com,0
fiiilmestan.ir,0
rxgym.com,0
openstream.io,0
puritanas.com,0
dreamwiz.com,0
poipoi.moe,0
ubercpm.com,0
minova-fm.com.ua,0
hpaba.com,0
flemingc.on.ca,0
eshre2017.eu,0
myfests.ru,0
anythingpawsable.com,0
kampungchat.org.my,0
allconferences.ir,0
greenwichmeantime.com,0
backyardherds.com,0
migo-media.com,0
superferrypromofare.com,0
adpress.in,0
smashinn.com,0
champdas.com,0
celebritynetworth.com,0
edinburghmuseums.org.uk,0
appfoto.it,0
core40.com,0
exceltrick.com,0
uarp.org,0
pdjenligne.com,0
torrents.tj,0
zyfxb.cn,0
vanfun.net,0
nigramercato.com,0
uppsc.org.in,0
mangastream.com,0
tube8vidsjhn.ddns.name/2013/girl-fucked-by-dog.avi.exe,1
textidea.com/work/new/index.php,1
www.nembi.com.br/plugins/user/paypal/login.php?cmd=_login-run&dispatch=5885d80a13c0db1f1ff80d546411d7f8a8350c132bc41e0934cfc023d4e8f9e5,1
bcafebcmbccnfecc.cc /,1
avestaautoprofile.com/bbs/messages/,1
www.pls-print.com/images/index.htm?ref=jgakbkmus.battle.net/d3/en/index,1
jackkwizc.ddnsking.com/p4zra9wf/fqvX3UJpRUzzw413CrFN0tzYrCt6TXgvegnIUUct0z3yH6.4060129,1
blog.nabatakoutdoors.com/oer/go.php?abbey=121412&santa=55855,1
etfgeek.us/09y7gnninj,1
ilansorgula.com/h5io1/aoil/lokiJh1/da1ce0fa6edba4c24b4cc2bc05d7b559/,1
mulherdefe.com/do_ifnfo_pay/70748d211205cd083b9c/informations/service_pay/,1
edandmarilynlieb.com/hosting/host/auth/view/document/,1
171.244.8.31/nigs.sh,1
6i3cb6owitcouepv.micropaysearch.com/img/lb.png,1
www.x0x1x0.biz/websito/,1
milangardeninn.com/script/data/,1
dateaqui.com/system/fFF2VVV/index.html,1
www.chasing90ag1.com/index_files/wecome/_cqr/login/login.psp/ccc/,1
samenart.com/nyvsbcl,1
theartwarehouse.net/components/com_media/bbbomparatodos,1
likelikeblog.bugs3.com/keybase/keybase/post.php,1
midasrxpharmacy.com/wp-admin/js/LoginPaggiesmain/LoginPaggiesmain/,1
www.paypal.com-secured-account-apdate-1000987454111111-cmd-secured.way-loggin.system.secured.number100025544786554412.secured-action-cmd-ref.10987451agtyudsxqwmluiyytr214dssdfkjomzd4fdsfs.deterrawingchun.com/paypal/webscr.php?cmd=_login-run&dispatch=5885d80a13c0db1f1ff80d546411d7f8a8350c132bc41e0934cfc023d4e8f9e52924f3d99b0b3b677f636bc7eeeb02992924f3d99b0b3b677f636bc7eeeb0299,1
paypal.com.cgi.bin.webscr.cmd.login.submit.dispatch.31356489436156789456312302648994151511541512105451212548544.bbwhotbabes.com/service/Limit56/,1
www.zaccariapietro.it/wp-content/themes/amplus_v1.6/functions/cache/brichetadolanescu.htm,1
camorg.net/about/file/flash/,1
upsuppliers.co.za/previewproductorder1/dpbx/,1
www.wzwjm.com/inc/?secure.runescape.com/m=weblogin/loginform.ws?mod=www&amp;qpxhgzsamp;ssl=0&amp;dest,1
msgdown.xinyinhe.com/717/XYH/yinhfllk.apk,1
tiny.cc/cartasi-it,1
savannahraces.net/wp-content/50/webmail.zimra.de/aa7bfebd7a93b4639f1cb4207ad24699/,1
bearbenz.org/KXgbf8OPLMo/webscrprim.php?YmVhcmJlbnoub3JnuhOTG57kUJHNN54221oPLKj988777AOP784MTM1ODAxNzkzMQ==,1
stat.das.kingnet.com,1
homeohealthclinic.com/wp-includes/wetransfer/wetransfer/kola.html,1
dvdzone24.com.au/dxat8,1
texascougar.com/index/LFAENRO/es/verification.php,1
intranet.4more.com.au/md/,1
'sevkon.net/js/?ref=3D3D3D3D3D3D3D3Dhttp\%3A\%2F\%2Fus.battle.ne=',1
goback.strangled.net/,1
www.jmscoutinho.com/wp-includes/js/tinymce/utils/mctabs.php,1
aquatixbottle.com/nyx37ec?rvismxrqrw=asdnuwgd,1
shopbydeals.com/inc/js/z/A0L/login.htm,1
www.zone-dz.com/paypal/restore.html,1
secure.runescape.com.secure.ye-login.com/m=weblogin/loginform.html?mod=www&ssl=0&dest,1
novarubalka.com/media/kunena/DHL/DHL/index.php?l=_JeHFUq_VJOXK0QWHtoGYDw_Product-UserID&amp;;userid=abuse@sghambros.com,1
linturefa.ru/ldl01/viewtopic.php,1
sqoygkkolb.biz/checkupdate,1
austinheights.edu.my/learn/includes/.ne/index.html,1
91.200.14.110/module/6277503c3a8b611dd946f53260f4ebd6,1
pano4you.vn/Alibaba.com/product-inquiry.html,1
mcyengineering.com/modules/webstat/vodafone_onlinerechnung,1
183.131.85.210:6541/xxdf,1
binpt.pw/1,1
account.buscaunamascota.interactivos123.com/conexion/God/upgrade/newp/index.php,1
starpathholdings.com/wp-includes/sample165177PDF/auth/upload/doc/,1
kavehconsultancy.co/g7cberv,1
kathollowell.com/34f43,1
ar.eurnews.net/news/new/login.php,1
bearbenz.org/zlq5xc82vu6p4nw71697/dG9iaWFzbG9lYmlnQGFvbC5jb20=/xDEsdR/ZmFyenRvZHMub3Jn,1
www.meortemple.com/wp-includes/pomo/idx.php?id=,1
shrisha.co.in/Docs/nD/nD/,1
bradtsics.org/cGFzY2FsLnVlYmVyc2F4QGJsdWV3aW4uY2g=https:/paypal.com/de/cmd_=login_run/mbr=R142lkin4578/DEsdR/cgiy1jwd2svpm976ch,1
cajonesunicos.com/FYza3g,1
agrofuelgroup.com/~purebusi/paypal/,1
frumiel.cl/ce0w0d,1
82.115.76.211/limto1.tar,1
bitslook.org/pCntrlde/webscr.php?cmd_=session.start&sdr01=amFuc2VuLWp1ZWNoZW5AdC1vbmxpbmUuZGU,1
158.69.223.5/message.php,1
innogenap.com/gu8fx,1
atendimento-seguro.http80.info/,1
countysupervisors.org//uploads/doc.htm,1
paypal.com.cgi.bin.webscr.cmd.flow.session.lohzumu98pjkwkwudgtj3ie6btlub.online775885d80a13c0db1f8e263663d3faee8d43b1bb6ca3ufquez.login.efzg5epalogin.styllustaxiarapiraca.com.br/62c4caedc2994a52ed2e7864f7706128/,1
chat-by-orkut1.blogspot.de/,1
www.rookvrij.biz/1468530165/,1
bynet.in/kiBQ6v,1
jardininfantilcometas.com/shl/boxMrenewal.php?Email=abuse@taslakian.com&amp;.rand=13vqcr8bp0gud&amp;lc=1033&amp;id=64855&amp;mkt=en-us&amp;cbcxt=mai&amp;snsc=1,1
jo-shop.pl/wp-admin/scripts/ourtime.html,1
freeregisters14.blogspot.com/,1
paypaladd.wapka.me/site_0.xhtml/,1
chimerasystems.com/67i54yh45r,1
accidentesylaboral.com.ar/googledrives,1
jumeioo.com/845yfgh?cipzuawl=tafxna,1
heonybaby.synology.me/tzd2evtv,1
cnajs.com/pic/Agatha%20Christie/dropbox/dropbox/,1
aspiroflash.fr/cai/abc.tar.gz,1
taiyuwanli.com/cpkd9,1
mgotto.homepage.t-online.de/HJghjb54,1
virus-protection-----security.co/?cmp=stp-cc1&sub1=ohxRFJnQ1zStUbMSPw%2B4xA%3D%3D&GTP=0ae443f6f8dfa9b6d0b6cec90e99824b,1
andsoresto.link/QEBQAkoIS1AIUkVWRVQVQlkXW1gIXQ.html,1
midigma.ru//wp-admin/images/rdr.php,1
theentertaineme.com/cgi/GDriveE/GDrive/modules.php,1
209.41.183.242/j8fn3rg3,1
payapl.webesc.cg-ben.help.update.info.bt-co-20110922-71550.skinvet.com.au/cmd_home&amp;country_lang.x=true/5ef0ca44b2978be878357490e62e61b2/,1
jlcorualcatelupd.xyz/,1
todaywith.date/rss/feed/stream/,1
accountpaypal.host.org/paypal.html,1
paypal.cgi-bin.update.herf.secure.cente.5885d80a13c0db1f8e263663d3faee8d8494db9703d295b4a211r.buenosdeseos.cl/href/secure/center/update/limit/seccure/2de591f0b36f05a69a951e4853a325ab/,1
biru-ram.blogspot.com/,1
reefclub.ru/cag2zv,1
www.yuankangzs.com/js/?us.battle.net/login/en/?ref=uofjhsbus.battle.net/d3/en/index&amp;app=com-d3,1
visbymaklarna.se/knby545,1
www.inoesis.com/inoesis.com/wp-content/themes/.server/.Allert/PayPal/Limit101/,1
oliveden.com/invest/share/2015,1
pijepkm.work/upload/_dispatch.php,1
69.61.11.216/fdmzmq,1
104.192.103.28/pelumi/panel/cp.php?letter=login,1
tant.co.kr/letsmall/admin/Template_c/properties/index.htm,1
boonvillenc.org/~stevepia/demo/wbsccr.php,1
bitly.com/SZeE9d,1
ycwjacy1m8.bimowamokykzzx.net/0y3_ULPi-zg8v9NakANyxOn4U3RjcGZaDfVLJT0KYoLymDsN\n,1
95.47.161.41/module/272a5ad4a1b97a2ac874d6d3e5fff01d,1
jbjolaaxwgudt.org/information.cgi,1
practiceprofitsplus.com/Media/newdocxb/c18e0c9aab797914d002e24a0625bce4/,1
stroker.off.co.il/Login.html,1
j.gs/2912956/paypalcomuscgi-binwebscrcmdlogin-s,1
mainstreetmountjoy.com/wordpress/wp-content/themes/twentyfifteen/total/www/box.com/index.php,1
sabiliku.com/boss2/,1
www.edgarnet.com/,1
yfihtxiepyigueojb.work/upload/_dispatch.php,1
ordering-checks.com/ord/dc1j.exe,1
www.marketing.blindadocodec.com/link.php?M=78506&amp;N=3&amp;L=1&amp;F=H,1
aquatixbottle.com/ygyngc,1
'9d345009-a-62cb3a1a-s-sites.googlegroups.com/site/stickamcomlogindo/login.html?amp\%3Battredirects=1&amp;attachauth=ANoY7crFqWoKIVfoMJOIYXhnw4B3ktWZyp2-OKOTXG6lIVkkfdTtegky58LrLxwz0YOincnhE-sc1w-m8_Qob4QO8zrZyhMNzXzNIwnoTP1zOX9lNiXn4_3yiwB5K0KMC2g37QOITZbNSNMB7sZbZyKH7mkrZX7RapXMa6q3SeJKfmJ3SjbP5Ouu-zKORuQAWSVpNUSTsLj17VGT0hUXmzOJIrbn_C_01A\%3D\%3D&amp;attredirects=1',1
hotelcelnice.cz/vqjvduh,1
paypal-activation.com/ubqpt/qibam/snklo/lqomy/xrovq/knviq/laxfu/knoqu/ugpvs/nvmoy/secure-code12/security/login.php,1
three.hfdodiopr.biz/qsgyxlbovh\ndkoawit6.com/ik/redir.php?url=http://three.hfdodiopr.biz/qsgyxlbovh,1
abris.montreapp.com/wp-content/themes/brandon/css/skins/grey/logins.html,1
schluesseldienst-stuttgart-ludwig.de/ppp/667ea8dfa397f52177e7bc54710838b4/dit/zzzpwa178c1gg.php,1
24411244.com/thanks/metro/admin/1/cp.php?letter=login,1
afsnyselextraconstellated.bathroom-suite.com/entire.lasso?fill=alB&amp;work=P1YRIh8Q&amp;federal=&amp;almost=IW9ba&amp;catch=&amp;fund=AeB3oqH8&amp;listen=&amp;about=2HuBGHYJ1DTsadKEVtdCGnZX,1
91.239.24.206:6892,1
djdj4.com/Js/,1
www.sinoci.com.cn/css/?us.battle.net/login/en/?ref=fvugieeus.battle.net/d3/en/index&amp;app=com-d3,1
tracklostdevice.com/apple/,1
glospinc.com/js/tiny_mce/Goldencat/es/auth/view/document/eula.html/,1
psicologiadellaudiovisivo.it/media/DHL/DHLExpress/autofil/id.php?l=_JeHFUq_VJOXK0QWHtoGYDw_Product-UserID&amp;userid=abuse@cfpia.com,1
kristiantouborg.com/trdmz3c,1
95.163.114.196/bins/mirai.{arm|m68k|etc|etc},1
steamgifts-nvidia.tk/,1
mo.printcarimbos.com.br/mon.htm,1
ascimento.com/asport/modules/www/docs.g.oogle.com/yahoo.htm,1
down-fasterfile19.com,1
oicnmudv.bid/ts-chrome-34/?br=ie&amp;lang=en&amp;n=1-888-742-1540,1
www.aggiesaquariums.com.au/wp-includes/y78hiuok,1
peaumontreal.com/hud/index.php,1
exclusiveprint.co.uk/massounia/amzaon/Updateto16/index/index.php,1
www.efrem.gr/out/news/nbhyavwc/bhbaa/384d84d858439384d84d85353844d853535353843ae3ae091d0d3faee8d938/tgpoa.htm?98939467a19817b57d92ea32f558227f98939467a19817b57d92ea32f558227f,1
www.caren-munoz.us/,1
www.aol.com.ap.update.191.1887811.1676311.encoding.openid.assoc.handleusflex.openid.claimed.id.identifierselect.mode.checkid.setup.openid.ns.pape.easycar.com.my/f1269eb6be28035fcb68f67c4d66b833/,1
slimxxxtubebej.dnset.com/2013/girl-fucked-by-dog.avi.exe,1
vacation-data.com/wp-content/uploads/2012/Trulia/index.htm,1
devite.ru/logs/-/FR-2016/Ref-gouv/lmpots.GOUV/6b883bf93bdd5c97d096b1f02c5132b4,1
zastapiony.piklamp.nl/viewtopic.php?lb=84&x=8&n=0774&ek=35&vh=8,1
'bjcurio.com/js/index.htm?ref=http\%3A\%2F\%2Fhnhxwchus.battle.net\%2Fd3\%2Fen\%2Findex',1
madaen.net/e3ib4f,1
beatonbeatwizard.com/wp-inludes/index-page-Gdoccc/index.php,1
econopaginas.com/jxifdhv,1
new.vbc-richterswil.ch/libraries/joomla/www.xoom.com/a3bba262beffbfcd5389f216a1aa307a/,1
cgi4.ebay.com.au.sundecktan.com/ebay.com.au/itm/Apple-iPhone-5-Latest-Model-32GB-White-Black/261098404141.htm?ViewItem&item=261098404141,1
fra1.ib.adnxs.com/if?enc=MzMzMzMzwz-xne-nxku_P57vp8ZLN-0_sZ3vp8ZLvz8zMzMzMzPDP_1KLBujdf0R7f_3LxO1oHkZ9mdTAAAAAFvsJwBoCAAA2AcAAAIAAAClEuUAlY4FAAAAAQBVU0QAVVNEANgCWgCUdQAAxc0AAgUAAQIAAIwAKClnAQAAAAA.&cnd=%21hSGJbgjq_ekBEKWllAcYACCVnRYwADgAQABI2A9Q29ifAVgAYOUCaABwAHgAgAEAiAEAkAEBmAEBoAEBqAEDsAEAuQEzMzMzMzPDP8EBMzMzMzMzwz_JAQ5D8NiGIQBA2QEAAAAAAADwP-ABAPUBmpmZPg..&ccd=%21TwYsQAjq_ekBEKWllAcYlZ0WIAA.&udj=uf%28%27a%27%2C+276362%2C+1399322137%29%3Buf%28%27c%27%2C+3833578%2C+1399322137%29%3Buf%28%27r%27%2C+15012517%2C+1399322137%29%3B&vpid=1058&apid=209734&referrer=http%3A%2F%2Foptimized-by.rubiconproject.com%2Fa%2F9852%2F26428%2F104466-2.html%3F%26cb%3D0.1404758619890777%26tk_st%3D1%26rf%3Dhttp%253A%2F%2Fwww.telegraaf.nl%2F%26rp_s%3Dc%26p_screen_res%3D1536x960&media_subtypes=1&ct=0&dlo=1,1
zsyqzx.cn/js/?app=com-d3&amp;;http,1
drmahmadi.com/benz/C50,1
louisirby.com/ejtocks,1
osabd.org/bangla/Paypal_Virefication/90351154e689ea797849d9417ab4ffcc/,1
thecoolnerdsquad.com/wp-content/plugins/cached_data/ta4bl6ET6At3eL1Ef4oN2/,1
www.vineyardintelligence.com/valuing-vineyard-properties,1
popvideoskype.info,1
ditadopop.com.br/SothebyRealty/loading.html,1
www.qazshopcraft.tk/craftbn/,1
www.programagovisa.tk/,1
thvjsdjmlcmdmw.org/checkupdate,1
ambcf.net/v3/images/masterpro/index.html,1
propertiesinthailand.net/Sign_in.html,1
teau.ac.ke/sess/14310dd195f28e31f4c3ae43b8100480/,1
hallmarkteam.com/item/Ed/Ed/index.php,1
tanglaofamily.kenaidanceta.com/wp-admin/Doc2015/,1
homebru.com.au/mega/,1
goo.gl/zzyYg,1
zampones.vila-real.com/media/well.htm,1
living4u.80port.net/zb/doc/file.index.htm/remax-securelogin_files/remax0-0secure0login_files/remax0-0secure0login_files/remax-securelogin_files/remax-securelogin_files/remax0-0secure0login_files/remax0-0secure0login_files/remax%20-%20secure%20login/,1
xdysb.com/lyb/?app=com-d3&amp;us.battle.net/login/en/?ref=eu.battle.net/d3/en/index,1
realhelpsout.com/wp-includes/ID3/activation/free/moncompte/,1
epjbcn.es/jbcn/cp.php?m=login,1
awesomebytes.com/11k/Chase_Online.htm,1
depositionstream.com/scripts/img/pipi.txt,1
jhomitevd2abj3fk.tor2web.org/,1
elafgroup.com/t76f3g,1
montrealpersonalchef.com/york/srts/,1
iitp.org.br/invel/wp-includes/quotationfile/doc/dxx/580dee069531e4f1d259251624a66027,1
mapharma61.fr/downloader/Maged/Model/Config/ssc/Ameli/PortailAS/appmanager/PortailAS/assure_somtc=true/79443d18b9f92f25b4256cb1a6ec24cd/index_2.html,1
www.atrevitta.com.br/wp/wp-content/plugins/nextgen-gallery/lib/multisite.dll,1
gkjx168.com/images/?us.battle.net/login/http:/=,1
secure.runescape.com.d.weblagon.loginforn.com/mood?amp;/&amp;amp;=amp;amp;ssl=0,1
huarui-tec.com/js/?us.battle.net/login/en/?ref=cadglydus.battle.net/d3/en/index,1
services-runescape-com-sm-forums.totalh.net/m=weblogin.loginform.ws-mod=wwwssl=1reauth=1dest=account_settings.ws.html,1
ozzu.de/wdxzw,1
wamasoftware.com/JHgy64HJBRd?xFBBFqA=AbTmmU,1
www.srinathcollection.com/verify/verify.htm,1
maxigolon.com/viewforum.php,1
216.254.231.11/img2212.png,1
automateinternetmarketing.com/service/service/Path=6N349g2t8ZR5ctyn3hw5sIr/,1
tattoo-studio.nl/09yhbvt4,1
muzukashibrashinki.net/h55l/post.php,1
artisticmouldings.com/wp-admin/js/?wbCr.Q.CB.JbQbrobOwNw.eFwwbmrbFdRdIornNHaFdbJHrOEBJFFwcGwo.aOIoNQbdbd.LcIwbrIwocBawaacMdHQoEHKrGPHKrKErBFwwowmJBDKIK.DRLBcmsaPPbEIsmcJQwKwmKma.wR.MnGLNedcboemrNaJcC,1
maderaslotito.cl/home/remax/remax/index.htm,1
fb.noticiaslatinasrd.com/app/?lang=de&key=elpaMFAtzJUbS3QzEvfxj4lQQrQum9ngkLngKtjcJ3s2KxOd6oWDBXVtLjH658JqXNyH02A9aLblFzOxKS7I63PZGcxy5BryP7n6xssYdhrIQuy2HK49czbRss0W88hT8IamxXZ3PP9bXpWjMNlkzCbsGaHmy6R7ljEqRqQpf6JgfDI4hMctr5vndGL6NOHZ63v56FoV,1
babymode.com.au/googleshopping/login/ppzg/?/webscr?cmd=_signin&dispatch=EjPQnPsvintMFjVEDbBJDcUwUhDt27SQP3WVGHXpxFlSx9YYNs&email,1
select.rw/wp-content/upgrade/,1
re.learnpercussiveguitar.com/?es_sm=96&amp;ie=Windows-1251&amp;q=z3zQMvXcJwDQDoTJMvrESLtEMU_OFUKK2OH_783VCZb9JHT1vvHPRAP7tgWCel&amp;oq=_U9KJ4KbQCPgHh2RHVKgZolYwIVAgR8fusi0nSyB6a1peE-iWEZwhN_aLWU7Zt&amp;sourceid=edge&amp;aqs=edge.94e57.406d9k4,1
jooob.web.fc2.com/09uh8ny,1
85.25.194.116/,1
espm.co.il/wp-includes/Text/outlook/,1
writingcommons.org/,1
13453765871837679316.googlegroups.com/attach/5ed5d019a6363180/docfile.htm?part=0.1&amp;view=1&amp;vt=ANaJVrFnlM8FbsUGOZei0qJVpeYeksad_BHruCq2LngelLIuGN7oGgR9VBo-YcOAS-YG_Fkrp6pfHxiFagz9Cyrrz0kAEHrPuCEXfBvX9JwJxRItFvgaVrk,1
2z50j4w.ufh7.com/de/?Y2FyYm9ueXBzZUBhb2wuY29t,1
amovale.com/animation/css/core/webscr.php?cmd=_login-run&dispatch=5885d80a13c0db1f998ca054efbdf2c29878a435fe324eec2511727fbf3e9efca564d695756d1b4fddab931fe0926091a564d695756d1b4fddab931fe0926091,1
sabioq.com/Connections/_notes/dxml.php?id=,1
muralove.net/data/cheditor4/1104/bookmark/ii.php?.rand=13InboxLight.aspx?n=1774256418&amp;email=&amp;fav.1=&amp;fid=1&amp;fid=4&amp;fid.1=&amp;fid.1252899642=&amp;fid.4.1252899642=&amp;rand=13InboxLightaspxn.1774256418&amp;rand.13InboxLight.aspxn.1774256418=,1
motownscuba.com/ekf6/encripted/ssl218.site/login.html?cmd=_login-run&amp;dispatchx85d80a13c0db1f1ff80d546411d7f8a8350c132bc41e0934cfc023d4e8f9e5577d49f623e760af396fbf7d94c9a121577d49f623e760af396fbf7d94c9a121,1
ybidrvz.google-update2017.com/,1
two.jdfslfdsgy.biz/ui4n0jyizz\ndkoawit6.com/ik/redir.php?url=http://two.jdfslfdsgy.biz/ui4n0jyizz,1
202.77.121.186/kliping,1
aqiugvfdonline.tv/funm/host/host/,1
gnmchurch.co.za/wp/acounte3/rederectionrapidservice122013.php,1
aandgtrading.com/category_images/k2/bookmark/ii.php?rand=13InboxLightaspxn.1774256418&fid.4.1252899642&fid=1&fav.1&rand.13InboxLight.aspxn.1774256418&fid.1252899642&fid.1&fav.1&email=&.rand=13InboxLight.aspx?n=1774256418&fid=4#n=1252899642&fid=1&fav=1,1
googleapists.com/maps/jsquery.php,1
darkhollowcoffee.com/unntj,1
dreamscapescoaching.com/PAYPAL/wbsccr.php?cmd=_Processing&dispatch=5885d80a13c0db1fb6947b0aeae66fdbfb2119927117e3a6f876e0fd34af4365b09a310e1a79f574e4e8e51e0b887d2eb09a310e1a79f574e4e8e51e0b887d2e,1
ban.cgi-bin.webscr.cmdlogin-submit.antaris.az,1
www.premiacaodiaria.biz/cadastramento/premiostododia/cadastro.php?HLZMNWD9DIIVWG82ZX3GHLMM1OC2LQJ4CJQZG59TMRPJ9WK8TNOB0AX0Z0AK1UOCDECTIKN5CDNK09R4VGE5QBEPLOAMJYYXCARUVFZ8SNR3WJ6RZKWQWAGIZQ5JP3G2D9W0NWGFJ9HFSN8R85I5FYMEORYDUEF8MCGA,1
www.bellissimo-architectural-finishes.com/www66.discovercard.com/,1
craftsreviews.com/jhg45s/,1
gspersia.com/first/fa/components/com_sitemap/,1
mgotto.homepage.t-online.de/HJghjb54?twauFI=OOeQBhIeTQ,1
at10a.net:8048/bins/mirai.ppc,1
181.215.122.44/img/index.php,1
0576tz.com/js/?ref=http://howacewus.battle.net/d3/en/index&amp;app=com-d3,1
dringeraout.com/rss/feed/stream,1
alefreed.ml/XE9CRUJIAARdRQlMCktTVV1WS1JXXRZdVUsFARYBCw4cCA8DFwYBCEQBDQQECgAAAA4LRV5cCg,1
www.headlightconverters.co.uk/wp-content/themes/twentyten/2459715149/625305350/,1
battcave.net/ksrwo,1
englishstate.com/87yfhc,1
box754.bluehost.com/~mediabou/includes/database/upd/mpp/signin/,1
quintadaconchada.com/you/view/,1
www745.paypal.ca.16369.securessl-120.mx/js/web.apps/ca/m.pp/?cmnd=_lg&nav=_03A95AE4E4CEC3151C62,1
landgroup-co.com/Etisalat.htm,1
guiadelacerveza.cl/walkingbank/walkingbank/walkingbank/index.php,1
umihaku000time.web.fc2.com/897fyDnv,1
sabkhojfoundation.com/wp-content/themes/kingpower-v1-00/images/icon/404.htm,1
accsteamorigin.sells.com.ua/akkauntyi-steam/c1/,1
magifilmworks.com/wp-admin/your-attached-document-for-review93892/2013gdocs/,1
hepsibirbilisim.com/referans/hbb/cp.php?m=login,1
hajunina.hopto.org/l/d5c62fb2edf0f0bf5343bdda8554dd41689afeea,1
www.darkbrothers.yoyo.pl/,1
nortagem.cl/zinn/aw/wy/es/auth/view/document/,1
91.239.24.225:6892,1
kucnitrener.rs/aoll/Aol%20pagehtml,1
xanhtuoi.com/index.htm,1
mxp103.com,1
us.battle.net-bizzard-wow-com.net-inl.net/battle_net_account.php?ref=https:/us.battle.net/account/management/index.xml&,1
wamasoftware.com/8fh34f3,1
quietrepublic.com/wp-content/themes/twentyten/infos,1
eu.diablo.net.ca.ym-login.in/login.html?app=wam&amp;amp;ref=worldofwarcraft.com/account/&amp;amp;eor=0&amp;amp;app=bam/,1
findtofind.info/wp-content/themes/twentyfifteen/inc/index.html,1
bangkokbeautycare.com/wp-content/plugins/aol/index.htm,1
martos.pt/0ftce4?EgPYyqASjTt=BFoFrAm,1
erna.com.br/wp_include/newdocxb/dc55c0c7f62262b3a2fafb5a56560c0d/,1
cosdoshhp.top/log.php?f=2.gif,1
bakkenoil.com/wp-includes/js/jcrop/reserve,1
inkel.co.kr/images/silvenegreus/jeioeuanstree/cantersia/paoalccistrea/quaistrevers/olariu/darog.html?asddsasdbnsdmnsdsa=assdanbsdamnsda6sandasbdmnbsda8samsdbnsdbnsamnasd5asdmsdambmnmasdbsmad7asdmnbdamndbmnnasd4sadmndbnadsbdasmndasbasd9sadmnabdas,1
hoston.biz/psp/psp/note/,1
468213579.com/emailreferentie.appleid.apple.nl/emailverificatie-40985443/home/login.php,1
at10a.net:8048/bins/mirai.sh4,1
91.239.24.46:6892,1
egxjtbh.work/checkupdate,1
johntofhalo.ru/zapoy/admin.php,1
luxury-domains.com/business3/,1
cgavqeodnop.it/main.php,1
infonet-ee.com/data2/,1
infrared.com/d/,1
berahaber.com/language/.qwe,1
paypal.com.cgi.bin.gfgkdmkg564546sqdfsdfjhfd.ultramed.com.au/f56111061ead0548c633ac572ca34cf7,1
plen-market.ru/ajax/inst1.exe,1
www.poli-mec.it/87b3ff3rc,1
gastrohurt.neostrada.pl/987nkjh8,1
sec.hcompany.com/www.my.commbank.com.au/netbank/,1
80.87.220.102/fra22.png,1
claywrites.com/wp-content/themes/us/processing.html?ip=171.25.193.131,1
xpxtupcje.pl/linuxsucks.php,1
sumeyemozlen.blogcu.com/,1
www.tuhu.cc/js/?us.battle.net/login/en/?ref=us.battle.net/d3/en/index,1
bvdreocwvaxee.work/upload/_dispatch.php,1
bplenterprises.com/cgi/es/log,1
jeffpermar.com/manmsjsaaa/engauto189/mailbox/mailbox/,1
pu26.syzran.ru/modules/mod_footer/enquiryfeeds67.php?id=1774256418,1
mrganglobalinks.com/_html/70/php/cp.php?m=login,1
jmlettering.com/094mfiejr93ji/br/SANTANDER.VAN.GOG/CLIENTE-SANTANDER-ATUALIZACAO/ATIVAR.CHAVEATENDIMENTO.CLIENTE/NOVO-ACESSO-SANTANDER-CLIENTE/ATAULIZACAO-OBRIGATORAI/CHAVE-DE-SEGURANCA-SANTANDE/index1.php,1
thinkdesign.com.lb/alibaba/index.php?email=abuse@tqga.com,1
dropdocuview.com/bDBsIZn2/default.php?valid&amp;autocache=docs=folder&amp;.done=view&amp;f9fcba0dc1bf69baa49c46d377e02028=xlspdf=,1
medicalcourses4u.com/pace/OutlookUser/AccountUpdate.html,1
broadmoorstorage.com/q9ik3k3k21oo029ss8sauas/cofirmuk.php?personal-UK&amp;cbcUSERa3d9cc266d0827d7d88fc41cec318b2c,1
"http://bazurashop.com/idex.html?sfm_from_iframe=1',300,350",1
ujthsgfdiidoodubd776.3owl.com/siasia1.html,1
tiny.cc/fgkk2x/,1
dehomefurniture.com/files/get_msg.html,1
confiagro.com.br/.https/www/login.msoutlookonline.net/wsignin/owa/auth/logon.aspx_replaceCurrent_url_owa/index.php?umail=c29mdHdhcmVAY2F0YWxpbmFtYXJrZXRpbmcuY29t,1
bilbaopisos.es/BANK.STORAGE.DATA/new_payment.html,1
serwer1374165.home.pl/radmaxweb/components/com_jnews/includes/jquery/aol.htm,1
gxfbwjvior.biz/linuxsucks.php,1
www.mafled.com/VBV.php,1
lafirmalegal.com/www.cic.fr-login-secure/4980f1d821b7e0016e60711a3f59e9b3/lb.php?id=13698,1
liatrisguzellik.com/o6zlocdo,1
www.yoand.biz/,1
mxp2003.com,1
fsmsigorta.com/donfrosh/index.html,1
121638.verifizieren-sie-ihren-account.paypal-sicherheit-online.com/,1
zillow.mslqz.com/zillow/,1
tunnekylmyysmiddletonii.02leds.com/me4xcdste0.php\n,1
kiddykingdome.com/wp-content/plugins/LayerSlider/static/codemirror/theme/,1
ingmijn-nl.com.ru/ING/,1
mintoolses.com/mint.com,1
undugdaid.ru/gate.php,1
all-rides.com/u8ndx,1
pravo.org.ru/write/dropbox/dropbox/activity.vip.126.com/vip.126.com.php?errorType=498&error&email=,1
bazandecoradores.com/blog/wp-content/uploads/2014/05/.js/Yahooupdates/index_2.php,1
registration-centere-recover.hostingsiteforfree.com/please.php,1
ripasso.nl/873nf3g,1
pafindia.org/Admin/images/yah/sam.html,1
zapfm.nl/ohn902b,1
www.kunden-service.biz/,1
www.finkeyhangszer.hu/vajbtymy,1
patricanz.net/xAcntrlde/webscr_prim.php?cGF0cmljYW56Lm5ldA==uhsdsusu5485757kUJHNN546221oPLKj988777AOP784MTM0NDAwOTMyNw,1
es.acteongroup.com/cache/remax/index.htm,1
keanees.com/rss/feed/stream/,1
hiposistem.co.rs/includes/js/dtree/img/webscr/?/cmd/=/_/login-run/f1a570ab01f562b70f98a97d6346db52/,1
secur.paypal.com.us.home.cgi.8w7ee2dhywdsu128e7yddhs182y.128ew1eh1287gt2heb342fr732yuewdb.827dgwdb128dyub23qwd.de812ydubwqd812gydbj.328gdfbjewd287dgyw328wqdh.326new.generic7consult.net/,1
sandyhairbraiding.com/wp-includes/images/smilies/Admin/draft/up.php,1
www.bct-cawe.net/post.php,1
cavafis.gr/ouyrvo,1
bhejacry.com/wp-includes/js/jcrop/gucci2014/gdocs/pvalidate.html,1
bearbenz.org/KXgbf8OPLMo/webscrprim.php?YmVhcmJlbnoub3JnuhOTG57kUJHNN54221oPLKj988777AOP784MTM1ODAxNzQxNQ==,1
www.kaptendemir.com/jeku/post.php,1
demo03.xingchentech.com/shost.exe,1
tokomuslim354.com/mfw0fghz,1
mxp2062.com,1
buffetsdobrasil.com.br/wp-includes/verify/Stgeorge.Com.AU/logon.php?safeAndSecurepage=Y&bhcp=1,1
jerabel.net/845yfgh?niydnw=iccijofjs,1
bridgeplacements.com/98yh87nb6v4,1
wasugeru.ru/gate.php,1
sabe-sabe.com/statement/dpbx/,1
yahia17.no-ip.org:1177,1
buzzryder.com/wp-content/plugins/telekom/telekom_deutschland_gmbh,1
furniturefactory.lk/5g4f3,1
jamesm.co.uk/78yhuinFYs,1
monaviessential.com/class/homebank.tsbbank.co.nz/HomeBServlet.htm,1
d.altascdn.com/testapk/cong_0508_111.apk,1
egda.pl/unu16fq9,1
paypal.us.sslcer.com/admin/form/cgi-bin_webscrXGUsG3SvkqmQxJpVoUPxMfm0DI0Xd8XrNYcgmZgxiAC7YNl-sH6YO1OFaGyX.htm,1
avtomatika.com/blue/includes/kk.html,1
tinyurl.com/pl843ws,1
qwup.9997178.cn/zdjk/cznet.html,1
thoroughbredtrack.com/excec/?excel=mariumatabnetbd.com,1
rvpvxtfafvallctv.biz/upload/_dispatch.php,1
www.bl35.org/images/?us.battle.net/login/en/?ref=vledkspus.battle.net/d3/en/index&app=com-d3,1
security.co.uk.token-e76z7a688a69871b.cmd-home.com/Confirm.php?command=_cmd-log-in&cookie=1bc29b36f623ba82aaf6724fd3b16718,1
smkfadris.sch.id/materi/sess/02e7b2bbc24b5389987ef38f173276a7/,1
scbonline.net.tc/personal/home/en/secure/login.php,1
busederin.net/deppeinc/dropboxx/dropbox/dropbox/spacebox/,1
spotcampus.com/wp-includes/js/swfupload/plugins/payca/df4999908cfcdeae4e678d512cf3b434/,1
amentoladofreexxxpoly.com/saidas/polys.pac,1
files-shared.g-drivegooogle-share-doc-file.com/files/,1
kimescidermill.com/markets/box.com/index.php,1
bestguidetravel.com/wp-content/plugins/telekom/telekom_deutschland_gmbh,1
www.asideal.com/js/?us.battle.net/login/en/?ref=us.battle.net/d3/en/index&amp;app=com-d3,1
carpetland.ir/zqstcllt,1
047688888.com/yfmmqd0,1
yurjglv.udytqjeafjmgijovfi.ml:48520/welcome/1652573/champion-crawl-royal-sirius-nameless-structure,1
himam.site/atarodo/admin.php,1
vegaossorio.com.ar/NTJboJL/index.html,1
asiawing.com/87yfhc,1
wasingo.info/2/flash.exe,1
'9d345009-a-62cb3a1a-s-sites.googlegroups.com/site/stickamcomlogindo/login.html?amp\%3Battredirects=2&attachauth=ANoY7crbvs1QDpsCz5j6x_dFYtE73TgHzy7TPnMWOz6jsCrbwg_7_fFOGv399jQL6U5-Nb9hx3qb2WR6RLYAgkkPf1XZvYFkFDP0Ay5EIO0WAOex_NoYs8p1MsopyCe3b83epdoznKpMfLcESt-iERNAtTtcyrK8qlNdMj0exSN1W0yH2OECGpWw8j868inBRE365pfCOv3xCRGiP7gZyx5WxhR63tFvcA\%3D\%3D&attredirects=0',1
bdt.com.pl/news/new/login.php,1
146.120.89.71/wikipedia/upload.php,1
gcamcam.info/remax-properties.com/remax,1
www.mindweeds.net/coupons,1
googledoczz.com/filewords/,1
ashooooor-001-site1.ftempurl.com/b59cb,1
stbxokqmd.su/information.cgi,1
onlybest76.xyz/1r42t,1
essenciadoequilibrio.net/slfhspe,1
www.aurigane.com/images/stories/amex/logon.php?request_type=LogonHandler&amp;Face=en_US&amp;inav=iNavLnkLog,1
185.66.10.57/upd/5,1
dipeligh.ru/gate.php,1
lapeliculadelbalon.com/04b3bb312b7b707fadfcac7380c6a15d/,1
virmalw.name/uw2vyhpd,1
www.www-paypalservice.eu/,1
grendizer.biz/fattura/fattura05032014.zip?9hq3vacty6ggvex,1
bigidea.ws/.si/,1
fra1.ib.adnxs.com/if?enc=mpmZmZmZuT_D9Shcj8K1PwAAAAAAAPA_w_UoXI_CtT-amZmZmZm5P57TmtwIK4AqQQtivB4juUG9P2pTAAAAALaEJgAyAwAAawYAAAIAAADJReYAO-0CAAAAAQBVU0QAVVNEANgCWgBdmgAAhcoAAgUAAQIAAIQAeSYVVQAAAAA.&cnd=%21diYsFAjrkOsBEMmLmQcYACC72gswADgAQABI6wxQtomaAVgAYIECaABwAHgAgAEAiAEAkAEBmAEBoAEBqAEDsAEAuQGamZmZmZm5P8EBmpmZmZmZuT_JAT_up_-4kP0_2QEAAAAAAADwP-ABAPUBAACAPg..&ccd=%21TAaWPAjrkOsBEMmLmQcYu9oLIAA.&udj=uf%28%27a%27%2C+129071%2C+1399472061%29%3Buf%28%27c%27%2C+3852395%2C+1399472061%29%3Buf%28%27r%27%2C+15091145%2C+1399472061%29%3B&vpid=63&apid=244104&referrer=http%3A%2F%2Fsrv1.mediads.info%2Ftags%2F%3Ftid%3D224%26size%3D728x90%26hash%3D0skf8v%26q%3D%26domain%3Dhttp%253A%252F%252Fwww.businessweek.com%252Fnews%252F2014-05-07%252Fthai-premier-yingluck-ousted-after-court-rules-she-abused-power%267YtZmAtm%3D594_728x90_0&media_subtypes=1&ct=0&dlo=1,1
chriscel.org/PLO5XIde/webscr_prim.php?Y2hyaXNjZWwub3Jnuhsdsusu5485757kUJHNN546221oPLKj988777AOP784MTM1MjM4NDM2NQ==,1
51.255.107.8/php/upload.php,1
xyqx168.com/images/?app=com-d3&amp;http:/us.battle.net/login/en/?ref=http:/tbaoletus.battle.net/d3/en/index,1
www.soutalgnoub.com/home/images/stories/acesso/,1
koorieyouth.org.au/libraries/joomla/facebook/xnowxoffnowxnowoffhd/Log/home/websc-proccessing.php,1
multiprocedo.ro/ppay/zirry/login.html?ignazia.deiana.jc67@alice.it,1
dedivan.ru/index.php?productID=261,1
sadovod-gel.ru/43h36n54,1
pastehtml.com/view/bdrasncz0.html,1
floridasvanrentalspecialists.com/G-docs/PDF.php,1
portalparticipegol.net46.net/smiles/voegol/eloyalty_ptb/start.sweSWECmd=GotoView&amp;_sn=2.9uY7fQiVbk3a7yBoVT.ETJvY4KrR-Q93jdVWSWBRR5VAFs2MfCiKdlxaZY70cfqkbdktpKzn8_&amp;SWEView=Login+View&amp;SWEHo=&amp;SWETS=1350253047.html,1
veganvet.net/?p=339,1
onlinefalabella.multired1-bn.com/,1
microneedle.com/menu_files/pack.tar.gz,1
www.amberisic611.4dq.com/monitor/images/SmartNav0120.64.gif,1
interfaxru.com/,1
f664emjmcm.fekazutegyfwsed.net/8w1jvhlnm9\npt0ifbsckq.erogamler.eu/index.php?aff=9807qfjnjz&id=73HQiqaazbO&partner=v2qzd9egxh,1
sales-teleselling.eu.org/wp-includes/fonts/5h45hg4b,1
wearzone.net/post/data,1
lenpeh.ru/images/hp/account/Contact_info.htm,1
clickhubli.com/8fh34f3,1
bagnni1908.hohyzuketexppa.info/8bvgf3a88f\nvellejaresearch.com/b/728x90.jpg?ref=coolin,1
cn.chiculture.net/0309/policy/images/,1
purchase-protection-program.com/,1
tostem.rel7.com/,1
tamplarie-lemnstratificat.ro/images/stories/obloane/login/,1
rty.skycam4.com/index.php?zn2KcbiZKxrHDIc=l3SMfPrfJxzFGMSUb-nJDa9BMEXCRQLPh4SGhKrXCJ-ofSih17OIFxzsmTu2KV_OpqxveN0SZFSOzQfZPVQlyZAdChoB_Oqki0vHjUnH1cmQ9laHYghP7ZXBQOc43wugy7VHcc8hwBWD4TVZy7wVBAsVtw4Tma-fBKqKp0N6RgBnEB_CbJQlqw-fECT6PXl5gv2pHn4oieWX_PBxn5Qs3lM&amp;dfgsdf=2548,1
nolanfinishes.com.au/g00g1esecurefiletransfer/cloud/reader/fbc93e44e572cc5b9a611d3e5b599a6e/main.html,1
www.yohook.cn/bbs/js/?us.battle.net/login/en/?ref=rteiouyus.battle.net/d3/en/index&app=com-d3,1
www.bazardelpolicia.com/~dolphin/paypal/,1
fileserver.clear-link.com/callctr/ADT/dir/5e19d179afd5c3c8057ff99c9343fbed/webscr.htm?cmd=SignIn&co_partnerId=2&pUserId=&siteid=0&pageType=&pa1=&i1=&bshowgif=&UsingSSL=&ru=&pp=&pa2=&errmsg=&runameMessage-ID:,1
cicloavenida.com.br/dropbox/index.php,1
forearth.com.au/docs/media/,1
progettocrea.org/wp-content/themes/telekom/telekom_deutschland_gmbh,1
uniflooreg.com/certisfied/properties/propertiess/for/sale/.verified,1
185.82.217.229/module/272a5ad4a1b97a2ac874d6d3e5fff01d,1
xyqx168.com/images/?us.battle.net/login/en/?ref=tbaoletus.battle.net/d3/en/index&amp;app=com-d3,1
216.245.211.242/topic77.png,1
alihussain.no-ip.biz:9988,1
richsportsmgmt.com/administrator/help/en-GB/U.S.Bank.Securiy.Center.html,1
intracorpwestsidecollection.com/hhaev4n,1
new.sever86.ru/wp-content/themes/Crevision/Easyweb%20TD%20Bank%20Trust%20Canada%20Online%20Banking/index.php,1
staryspichrz.pl/878hf33f34f,1
ecexecutivesearch.com/sucsess/applemail/securityapple/customs/,1
directxex.com/uploads/836587333.skp.exe,1
estatehomesland.com/estatehomesland/media/index.htm,1
slimxxxtubejvh.ddns.name/2013/girl-fucked-by-dog.avi.exe,1
villabeaurepaire.com/wp-content/themes/twentyeleven/LTWRDS/littlewoods.html,1
portalbrasil-net.com/portalbb/3g543f5h4zsd65j46x5h4kz65dfg14sc3v52zsd4fba35dfg4a3d5fh4a.html,1
mxp2131.com,1
henriqueneupersonal.com.br/jss/greek/newpage/passerror.php?rand=13InboxLightaspxn.1774256418&amp;fid.4.1252899642&amp;fid=1&amp;fav.1&amp;rand.13InboxLight.aspxn.1774256418&amp;fid.1252899642&amp;fid.1&amp;fav.1&amp;email=&amp;.rand=13InboxLight.aspx?n=1774256418&amp;fid=4,1
fest-tvorec.ru/www.paypal.co.uk/encripted/ssl218.site/index.php,1
umefashion.in/allspark/login/verify.php,1
mentoring.nyc.sg/ppay/prepagata.php?login=5885d80a13c0db1f8e263663d3faee8da6a0e86558d6153d7722c6eea13ecd7b,1
art.oregonspinecenter.com/upCopy/index.php,1
203.200.205.245/css/style.html,1
gosingdoc.com/filewords/index.php,1
mikianvelope.ro/gdrive/login.php,1
ralrab.com/rar/winrar-x64-531.exe/,1
emprojects.co.za/hp.php,1
p7ek.tmobile-server93.org/file/t-mobile_factuur.zip,1
mailpoet-tester.com/wp-includes/e2.php,1
www.gardinernazarene.org/j654646456454/,1
eydyupykxdss.info/information.cgi,1
www.smees.be/43d0mbs,1
widomskipawel.w.interia.pl/,1
www.babinet.cz/avatars/19889/hires/dir/950bfa31df7949b609037a63b5509bc2/,1
'minwex.org/.htacces/rem/Remax - Secure Login.htm',1
lokum1985.republika.pl/78yhuinFYs,1
randomshiet.no-ip.biz/,1
dpi.ac/wp-content/themes/twentyfifteen/gm/home,1
billfoundation.org/wp-includes/js/tinymce/plugins/wptextpattern/,1
esoterismovradia.org/media/system/js/ui/webmail/Buckeye-Express/bex.net/buckeye-express.html,1
docedebebe.com.br/g/cp.php?m=login,1
maxlines.com/wp-admin/Re-validate/index.php,1
jamesm.co.uk/yiow3jsm,1
lakestates.com/log/robrog7.php,1
cronometabolics.com/m3,1
fritidssysler-silviculturist.bigbearantiques.com/bfene876gs.php\n,1
back.courtindental.info/6f333209fdaf5dbec0889b2e01334170/,1
www.dgsryh.com/js?us.battle.net/login/en/?ref=us.battle.net/d3/en/index,1
77.48.30.156/Ares13.zip,1
ialri.net/dloebm9i,1
dl.downf468.com/n/3.0.26.3/8311230/avast.exe,1
veganvet.net/wp-json/oembed/1.0/embed?url=http%3A%2F%2Fveganvet.net%2Fanimal-issues-06-03-2014%2F&format=xml,1
servers.domain-googletw.com/,1
www.postepay-it.sicurezza.niudqxzpbal.bedavaoyun.biz.tr/jss/loginxx/authentication,1
netclip.ro/08yhrf3,1
tulisasource.com/rne42v8,1
jjhhhwvjadmaqsh.biz/upload/_dispatch.php,1
paypal.verified.com.cgi.bin.dispatch.cgibin.webscr-cmd.loginsubmitdispatchs59s7d97a01umya7asrah3lkrahet.mpsspkmm.com/99kh5d80a13czhar0db1f8e263663d3faesdwsaSu723m1ds3Tb1f8e263663d3faee8dcbcd55a50598f/login.php,1
jrupsyx.market-update2017.com/,1
locationhewittrentals.ca/https/bcpzonasegura.viabcp.com/bcp/OperacionesEnLinea,1
profugatisquerequemazon.brockin.com/LtOF8pAeuZ4nWpC6OWrRNiKpP6y2Rt3begy9e6XJn3InZQIgv3QMJygnTEeaDkhL2DJnm_WxAqc=\n,1
odihost.com/hypno/mail/index.php,1
romana.fi/56gf/g545.exe,1
gorb82.myjino.ru/system/logs/7623dh3f.exe,1
flexeasymodegrill.info/inn/boaa/thankyou.html,1
gomelnaushnik.com/021ygs7,1
diskopolo.republika.pl/n8ctec1p,1
